                  epoch,         train/box_loss,         train/cls_loss,         train/dfl_loss,   metrics/precision(B),      metrics/recall(B),       metrics/mAP50(B),    metrics/mAP50-95(B),           val/box_loss,           val/cls_loss,           val/dfl_loss,                 lr/pg0,                 lr/pg1,                 lr/pg2
                      1,                 2.8724,                 9.2089,                 1.8665,                 0.9578,                 0.0846,                0.44079,                0.26929,                 2.9247,                 6.3228,                 1.7797,              0.0033051,              0.0033051,              0.0033051
                      2,                 2.7124,                 3.3204,                 1.8094,                0.63951,                0.49554,                0.53029,                0.30199,                 3.2936,                 3.0039,                 1.8786,              0.0066165,              0.0066165,              0.0066165
                      3,                 2.8405,                 2.3357,                 1.8341,                0.62363,                0.44207,                 0.4562,                0.23778,                 3.5881,                 5.5845,                 2.0231,              0.0099059,              0.0099059,              0.0099059
                      4,                 2.8083,                  2.022,                 1.8478,                0.67943,                0.48118,                0.51223,                0.29546,                 3.2468,                 4.0564,                 1.9207,               0.009901,               0.009901,               0.009901
                      5,                 2.6492,                  1.762,                 1.8202,                0.70731,                0.44515,                0.52153,                0.32734,                 3.0199,                 2.8493,                 1.8414,               0.009868,               0.009868,               0.009868
                      6,                 2.5773,                 1.6414,                 1.8003,                 0.7344,                0.50932,                0.56351,                0.33106,                 3.0764,                 2.8797,                  1.851,               0.009835,               0.009835,               0.009835
                      7,                 2.4985,                 1.5432,                  1.785,                0.77607,                0.52454,                 0.6022,                0.34967,                 3.1631,                  2.994,                 1.8742,               0.009802,               0.009802,               0.009802
                      8,                 2.4541,                 1.5018,                 1.7763,                 0.7553,                0.52082,                0.58053,                0.35703,                 2.9627,                 2.4477,                 1.8309,               0.009769,               0.009769,               0.009769
                      9,                 2.3988,                  1.422,                 1.7611,                0.79658,                0.55194,                0.63165,                 0.3764,                 3.0506,                 2.3149,                 1.8695,               0.009736,               0.009736,               0.009736
                     10,                 2.3815,                  1.397,                 1.7501,                0.78908,                0.59899,                0.66752,                0.41281,                 2.8316,                 1.9153,                 1.8055,               0.009703,               0.009703,               0.009703
                     11,                 2.3256,                 1.3537,                 1.7477,                0.78825,                 0.5871,                0.66196,                0.41124,                 2.8134,                 2.0006,                 1.8071,                0.00967,                0.00967,                0.00967
                     12,                 2.2966,                 1.3263,                 1.7401,                0.80605,                0.58661,                0.67813,                0.43294,                 2.7696,                 2.0787,                 1.7959,               0.009637,               0.009637,               0.009637
                     13,                 2.2491,                 1.2927,                 1.7279,                0.77628,                0.60784,                0.67024,                0.42947,                 2.6916,                 1.9018,                 1.7772,               0.009604,               0.009604,               0.009604
                     14,                 2.2273,                 1.2592,                 1.7254,                 0.7951,                0.61287,                0.67924,                0.42984,                 2.7196,                 1.8289,                  1.783,               0.009571,               0.009571,               0.009571
                     15,                 2.2119,                 1.2456,                 1.7175,                0.81563,                 0.6416,                 0.7122,                0.45422,                 2.6745,                 1.7286,                 1.7792,               0.009538,               0.009538,               0.009538
                     16,                 2.2011,                 1.2152,                 1.7158,                0.79776,                0.63281,                0.69311,                0.44007,                 2.6775,                 1.7769,                 1.7968,               0.009505,               0.009505,               0.009505
                     17,                 2.1533,                 1.1974,                 1.7123,                 0.7914,                0.63863,                0.71038,                0.45911,                 2.6163,                 1.7261,                   1.78,               0.009472,               0.009472,               0.009472
                     18,                 2.1556,                 1.2048,                  1.716,                0.79884,                 0.6328,                0.70039,                0.44245,                 2.7171,                 1.9847,                 1.7862,               0.009439,               0.009439,               0.009439
                     19,                 2.1361,                 1.1707,                 1.7092,                0.82004,                0.61595,                0.69715,                0.43887,                 2.7036,                 1.8827,                  1.782,               0.009406,               0.009406,               0.009406
                     20,                 2.1076,                 1.1366,                 1.7004,                 0.8289,                0.61092,                0.69742,                0.44207,                 2.6957,                 1.8899,                 1.7929,               0.009373,               0.009373,               0.009373
                     21,                  2.092,                 1.1412,                 1.6953,                0.82815,                0.63332,                0.72138,                0.46121,                  2.638,                 1.7457,                 1.7711,                0.00934,                0.00934,                0.00934
                     22,                  2.065,                 1.1217,                 1.6925,                0.81405,                0.64697,                0.72187,                0.47392,                 2.5118,                 1.7396,                 1.7546,               0.009307,               0.009307,               0.009307
                     23,                 2.0572,                 1.1134,                 1.6952,                0.82995,                0.64074,                 0.7299,                 0.4747,                 2.5799,                 1.6264,                 1.7754,               0.009274,               0.009274,               0.009274
                     24,                  2.033,                 1.0983,                 1.6866,                0.82691,                0.61481,                  0.701,                0.44967,                 2.6117,                 1.7826,                 1.7896,               0.009241,               0.009241,               0.009241
                     25,                 2.0309,                 1.0883,                 1.6887,                0.83706,                 0.6516,                0.74092,                0.47889,                 2.5928,                 1.6627,                 1.7673,               0.009208,               0.009208,               0.009208
                     26,                 2.0091,                 1.0829,                 1.6828,                0.83491,                0.65386,                0.73014,                0.47443,                 2.5533,                 1.6364,                 1.7596,               0.009175,               0.009175,               0.009175
                     27,                 2.0221,                 1.0815,                 1.6852,                0.84053,                0.65759,                0.74154,                0.47495,                 2.5705,                 1.5952,                 1.7719,               0.009142,               0.009142,               0.009142
                     28,                  1.985,                 1.0522,                 1.6824,                0.79933,                0.65824,                0.71587,                0.46457,                 2.5663,                 1.7415,                 1.7652,               0.009109,               0.009109,               0.009109
                     29,                 1.9592,                 1.0422,                 1.6784,                0.83271,                0.65338,                 0.7316,                 0.4714,                 2.5671,                 1.6796,                  1.758,               0.009076,               0.009076,               0.009076
                     30,                 1.9832,                 1.0582,                 1.6791,                0.83814,                 0.6436,                0.72973,                0.47265,                 2.5292,                 1.7062,                 1.7584,               0.009043,               0.009043,               0.009043
                     31,                 1.9295,                 1.0283,                 1.6674,                0.83195,                0.67007,                0.75048,                0.48916,                 2.5406,                 1.5548,                 1.7583,                0.00901,                0.00901,                0.00901
                     32,                 1.9186,                   1.02,                 1.6668,                0.82952,                 0.6631,                 0.7426,                0.48751,                 2.4821,                 1.6017,                 1.7446,               0.008977,               0.008977,               0.008977
                     33,                 1.9054,                 1.0051,                 1.6622,                0.84609,                0.66472,                0.74327,                0.48558,                 2.5516,                 1.5896,                 1.7699,               0.008944,               0.008944,               0.008944
                     34,                 1.9095,                 1.0182,                 1.6668,                0.84104,                0.66586,                0.74604,                0.48568,                 2.5181,                 1.6497,                 1.7601,               0.008911,               0.008911,               0.008911
                     35,                 1.9081,                 1.0029,                   1.67,                0.86579,                0.64917,                0.74798,                0.48858,                 2.5052,                 1.5356,                 1.7566,               0.008878,               0.008878,               0.008878
                     36,                 1.8905,                 1.0034,                 1.6598,                0.84892,                0.67817,                  0.749,                0.48584,                  2.535,                 1.5439,                 1.7584,               0.008845,               0.008845,               0.008845
                     37,                 1.8538,                0.98887,                 1.6602,                 0.8545,                 0.6806,                0.75759,                0.49357,                 2.5045,                 1.4915,                 1.7578,               0.008812,               0.008812,               0.008812
                     38,                 1.8821,                0.99444,                 1.6617,                0.84837,                0.67752,                0.75146,                0.49224,                 2.4814,                 1.5276,                 1.7409,               0.008779,               0.008779,               0.008779
                     39,                 1.8501,                0.97281,                 1.6551,                0.84967,                0.66715,                0.75499,                0.49521,                  2.521,                 1.5232,                 1.7611,               0.008746,               0.008746,               0.008746
                     40,                 1.8496,                0.97093,                 1.6645,                0.82735,                 0.6631,                0.74265,                0.48943,                 2.4987,                 1.6101,                 1.7514,               0.008713,               0.008713,               0.008713
                     41,                 1.8405,                0.96759,                  1.655,                0.85819,                0.67639,                 0.7621,                0.50904,                 2.4091,                 1.4866,                 1.7385,                0.00868,                0.00868,                0.00868
                     42,                 1.8279,                0.95509,                 1.6542,                0.84571,                 0.6853,                0.76115,                0.49851,                 2.4838,                 1.4858,                 1.7473,               0.008647,               0.008647,               0.008647
                     43,                 1.8056,                0.94144,                 1.6583,                0.85826,                0.67185,                0.75558,                0.49628,                 2.4568,                 1.5139,                 1.7459,               0.008614,               0.008614,               0.008614
                     44,                 1.8017,                0.94832,                 1.6568,                0.84849,                0.67882,                0.76211,                0.50359,                 2.4435,                 1.4665,                  1.744,               0.008581,               0.008581,               0.008581
                     45,                 1.7997,                0.95052,                 1.6507,                 0.8539,                0.67282,                 0.7595,                0.50171,                 2.4183,                 1.5159,                 1.7435,               0.008548,               0.008548,               0.008548
                     46,                  1.793,                0.95266,                 1.6497,                0.86392,                0.68076,                0.77214,                0.51652,                 2.4051,                   1.43,                 1.7388,               0.008515,               0.008515,               0.008515
                     47,                   1.78,                0.93889,                 1.6472,                0.85509,                 0.6712,                0.75876,                 0.5068,                  2.421,                 1.5385,                 1.7372,               0.008482,               0.008482,               0.008482
                     48,                 1.7605,                0.92537,                 1.6501,                0.85122,                0.68979,                0.76866,                0.50663,                 2.4387,                 1.4615,                 1.7574,               0.008449,               0.008449,               0.008449
                     49,                 1.7634,                0.92994,                 1.6482,                0.87139,                0.68838,                0.76988,                0.51136,                 2.4062,                 1.4263,                 1.7414,               0.008416,               0.008416,               0.008416
                     50,                 1.7411,                 0.9258,                 1.6483,                0.85397,                0.69097,                 0.7714,                0.51048,                   2.41,                 1.4458,                 1.7404,               0.008383,               0.008383,               0.008383
                     51,                 1.7521,                0.91792,                 1.6499,                0.85277,                0.68822,                0.77351,                0.51029,                 2.4189,                 1.4161,                 1.7394,                0.00835,                0.00835,                0.00835
                     52,                 1.7395,                 0.9141,                 1.6431,                0.85301,                0.69292,                0.77007,                0.51181,                 2.4093,                 1.4278,                 1.7365,               0.008317,               0.008317,               0.008317
                     53,                 1.7258,                0.90004,                 1.6393,                0.87236,                0.68224,                0.77419,                0.51429,                   2.41,                 1.4097,                 1.7382,               0.008284,               0.008284,               0.008284
                     54,                 1.7142,                0.90828,                 1.6391,                0.85437,                0.69065,                0.77385,                0.51458,                  2.404,                 1.4246,                 1.7416,               0.008251,               0.008251,               0.008251
                     55,                 1.7211,                0.90789,                 1.6416,                0.85037,                 0.6913,                0.76909,                0.51212,                 2.3969,                  1.458,                 1.7369,               0.008218,               0.008218,               0.008218
                     56,                  1.711,                0.90043,                 1.6453,                0.84952,                0.68352,                0.77297,                0.51507,                 2.4189,                 1.4403,                 1.7491,               0.008185,               0.008185,               0.008185
                     57,                 1.7207,                0.89889,                 1.6433,                0.86971,                0.68838,                0.77876,                0.51991,                 2.3948,                 1.4148,                 1.7425,               0.008152,               0.008152,               0.008152
                     58,                 1.6838,                0.89323,                 1.6385,                0.87559,                0.69259,                0.78084,                 0.5214,                 2.3897,                 1.3698,                 1.7411,               0.008119,               0.008119,               0.008119
                     59,                 1.6884,                0.89181,                 1.6385,                0.86045,                0.70443,                 0.7847,                0.52625,                 2.3623,                  1.356,                  1.738,               0.008086,               0.008086,               0.008086
                     60,                 1.6954,                0.88777,                 1.6402,                0.86765,                0.69551,                 0.7812,                0.52474,                 2.3579,                 1.3573,                 1.7326,               0.008053,               0.008053,               0.008053
                     61,                 1.6688,                0.87072,                 1.6341,                0.86001,                0.69875,                0.78223,                  0.519,                 2.4042,                 1.3926,                 1.7458,                0.00802,                0.00802,                0.00802
                     62,                  1.677,                0.87386,                  1.636,                0.86704,                0.69989,                0.78376,                0.52708,                 2.3514,                 1.3807,                 1.7292,               0.007987,               0.007987,               0.007987
                     63,                 1.6574,                0.87091,                 1.6349,                0.85831,                0.70167,                0.78268,                0.52378,                 2.3734,                 1.3695,                 1.7411,               0.007954,               0.007954,               0.007954
                     64,                   1.68,                0.87133,                 1.6386,                0.86338,                0.69845,                0.78038,                0.52303,                 2.3696,                 1.3778,                 1.7392,               0.007921,               0.007921,               0.007921
                     65,                  1.657,                0.86187,                 1.6325,                0.85786,                0.70313,                0.78383,                0.52313,                 2.3761,                 1.3664,                 1.7343,               0.007888,               0.007888,               0.007888
                     66,                 1.6466,                0.86474,                 1.6341,                0.87241,                0.69697,                0.78365,                0.52243,                 2.3697,                 1.3826,                 1.7383,               0.007855,               0.007855,               0.007855
                     67,                 1.6596,                0.86065,                 1.6356,                0.86039,                0.71074,                0.78676,                0.52971,                 2.3548,                  1.332,                 1.7367,               0.007822,               0.007822,               0.007822
                     68,                 1.6486,                0.85593,                 1.6336,                0.86224,                0.71203,                0.79037,                0.53026,                 2.3504,                 1.3517,                 1.7349,               0.007789,               0.007789,               0.007789
                     69,                 1.6387,                0.85962,                  1.634,                0.86078,                0.70438,                0.78817,                 0.5297,                 2.3285,                 1.3624,                  1.731,               0.007756,               0.007756,               0.007756
                     70,                   1.64,                0.85531,                 1.6319,                0.86145,                 0.7103,                0.79098,                 0.5302,                 2.3504,                 1.3485,                 1.7293,               0.007723,               0.007723,               0.007723
                     71,                 1.6258,                0.83867,                 1.6303,                0.87035,                0.70055,                0.78988,                 0.5328,                 2.3376,                 1.3703,                 1.7271,                0.00769,                0.00769,                0.00769
                     72,                 1.6091,                0.84605,                 1.6309,                0.87451,                0.70354,                0.78856,                0.53172,                 2.3302,                 1.3368,                 1.7274,               0.007657,               0.007657,               0.007657
                     73,                 1.6181,                0.84679,                 1.6304,                0.87211,                 0.7054,                0.79278,                0.53265,                 2.3289,                 1.3114,                 1.7323,               0.007624,               0.007624,               0.007624
                     74,                 1.6345,                0.85308,                  1.633,                0.86668,                 0.7101,                0.78981,                 0.5273,                 2.3578,                  1.373,                 1.7377,               0.007591,               0.007591,               0.007591
                     75,                 1.6297,                0.84998,                 1.6306,                0.86865,                0.71376,                0.79473,                0.53163,                 2.3477,                 1.3258,                 1.7365,               0.007558,               0.007558,               0.007558
                     76,                 1.6162,                0.84056,                 1.6273,                 0.8628,                0.71026,                0.79039,                0.52968,                 2.3445,                 1.3558,                  1.736,               0.007525,               0.007525,               0.007525
                     77,                 1.6004,                0.83321,                 1.6321,                0.87791,                  0.698,                0.79281,                0.53402,                 2.3187,                 1.3332,                 1.7291,               0.007492,               0.007492,               0.007492
                     78,                 1.5991,                0.83617,                 1.6301,                0.88315,                0.69318,                0.78899,                0.53156,                 2.3179,                 1.3386,                 1.7274,               0.007459,               0.007459,               0.007459
                     79,                 1.5919,                0.83598,                 1.6222,                0.86835,                0.70588,                0.79233,                0.53282,                   2.31,                 1.3324,                 1.7267,               0.007426,               0.007426,               0.007426
                     80,                 1.5987,                0.83374,                 1.6296,                0.86877,                0.71723,                0.79641,                0.53467,                 2.3195,                 1.3224,                  1.731,               0.007393,               0.007393,               0.007393
                     81,                  1.566,                0.81882,                 1.6268,                0.87821,                0.70734,                 0.7947,                 0.5359,                 2.3189,                 1.3196,                 1.7338,                0.00736,                0.00736,                0.00736
                     82,                 1.5672,                0.81893,                 1.6243,                 0.8695,                0.71431,                 0.7946,                0.53531,                 2.3154,                 1.3375,                 1.7311,               0.007327,               0.007327,               0.007327
                     83,                 1.5753,                0.82639,                 1.6268,                0.89158,                0.70227,                0.79761,                 0.5375,                 2.3174,                 1.3119,                 1.7295,               0.007294,               0.007294,               0.007294
                     84,                 1.5851,                0.82084,                 1.6222,                0.87894,                0.71074,                0.79782,                0.53788,                 2.3226,                 1.3064,                 1.7307,               0.007261,               0.007261,               0.007261
                     85,                 1.5786,                0.81657,                 1.6299,                0.87907,                 0.7103,                0.79771,                0.53854,                 2.3013,                 1.3155,                 1.7268,               0.007228,               0.007228,               0.007228
                     86,                 1.5668,                0.80945,                 1.6293,                0.87483,                 0.7148,                0.80044,                0.54122,                 2.3046,                 1.2904,                 1.7262,               0.007195,               0.007195,               0.007195
                     87,                 1.5694,                0.81676,                 1.6274,                0.87219,                0.71659,                0.80059,                0.54065,                 2.3022,                 1.2829,                 1.7279,               0.007162,               0.007162,               0.007162
                     88,                  1.551,                0.80384,                 1.6241,                0.88438,                0.71271,                0.80136,                0.54182,                 2.3057,                  1.273,                 1.7283,               0.007129,               0.007129,               0.007129
                     89,                 1.5621,                0.81285,                 1.6221,                0.87345,                0.71803,                0.80138,                0.54083,                 2.3008,                 1.2835,                 1.7274,               0.007096,               0.007096,               0.007096
                     90,                 1.5735,                0.81823,                 1.6281,                0.87208,                0.72419,                0.80059,                0.54034,                 2.3028,                 1.2908,                 1.7274,               0.007063,               0.007063,               0.007063
                     91,                 1.5482,                 0.8086,                 1.6226,                0.87829,                0.71415,                0.79754,                0.53826,                 2.3058,                 1.3161,                 1.7287,                0.00703,                0.00703,                0.00703
                     92,                 1.5426,                0.80245,                 1.6186,                 0.8679,                0.71787,                0.79675,                0.53788,                 2.3069,                 1.3146,                  1.727,               0.006997,               0.006997,               0.006997
                     93,                 1.5624,                0.80692,                 1.6221,                0.86852,                0.72257,                0.80261,                0.54358,                 2.2841,                 1.2913,                 1.7216,               0.006964,               0.006964,               0.006964
                     94,                 1.5356,                0.79756,                  1.619,                0.88005,                 0.7169,                0.80227,                0.54338,                 2.2878,                 1.2801,                 1.7228,               0.006931,               0.006931,               0.006931
                     95,                 1.5475,                0.80292,                 1.6248,                0.87823,                0.71917,                0.79944,                0.54243,                 2.2876,                 1.2885,                 1.7238,               0.006898,               0.006898,               0.006898
                     96,                 1.5396,                0.80075,                 1.6215,                0.87521,                0.71933,                0.80091,                0.54512,                 2.2792,                 1.2795,                 1.7237,               0.006865,               0.006865,               0.006865
                     97,                 1.5347,                0.79652,                  1.619,                 0.8823,                 0.7155,                0.80089,                0.54462,                 2.2782,                 1.2854,                 1.7231,               0.006832,               0.006832,               0.006832
                     98,                  1.534,                0.79749,                 1.6191,                0.87597,                0.71759,                0.80078,                0.54463,                 2.2812,                 1.2822,                 1.7213,               0.006799,               0.006799,               0.006799
                     99,                 1.5284,                0.79689,                 1.6206,                0.87331,                0.71787,                 0.7998,                0.54387,                  2.277,                 1.2852,                 1.7216,               0.006766,               0.006766,               0.006766
                    100,                 1.5227,                0.79442,                 1.6163,                0.87854,                0.71301,                0.80253,                0.54638,                 2.2738,                  1.283,                 1.7218,               0.006733,               0.006733,               0.006733
                    101,                 1.5184,                0.78581,                 1.6172,                0.88048,                0.71506,                0.80235,                0.54514,                 2.2783,                 1.2849,                 1.7244,                 0.0067,                 0.0067,                 0.0067
                    102,                 1.5188,                 0.7899,                 1.6207,                0.87456,                 0.7182,                0.80202,                0.54504,                 2.2801,                 1.2886,                 1.7234,               0.006667,               0.006667,               0.006667
                    103,                 1.5076,                0.77884,                 1.6194,                 0.8706,                0.72355,                0.80112,                0.54366,                 2.2798,                 1.2853,                 1.7244,               0.006634,               0.006634,               0.006634
                    104,                 1.5027,                0.78285,                 1.6165,                0.87337,                0.71982,                0.80173,                0.54509,                 2.2732,                 1.2828,                 1.7221,               0.006601,               0.006601,               0.006601
                    105,                 1.5073,                0.78568,                 1.6162,                0.86603,                 0.7228,                  0.802,                0.54696,                 2.2646,                 1.2803,                 1.7205,               0.006568,               0.006568,               0.006568
                    106,                  1.502,                0.77771,                 1.6154,                0.87583,                0.72123,                 0.8031,                0.54766,                 2.2644,                  1.281,                 1.7206,               0.006535,               0.006535,               0.006535
                    107,                 1.5012,                0.76675,                 1.6217,                0.86899,                0.72436,                0.80343,                0.54827,                 2.2648,                 1.2762,                 1.7211,               0.006502,               0.006502,               0.006502
                    108,                 1.4913,                0.77379,                  1.621,                0.87318,                0.72452,                0.80452,                0.54885,                 2.2639,                 1.2747,                 1.7213,               0.006469,               0.006469,               0.006469
                    109,                 1.5062,                0.78133,                 1.6159,                0.86648,                0.73088,                0.80448,                0.54685,                 2.2682,                 1.2732,                 1.7222,               0.006436,               0.006436,               0.006436
                    110,                 1.4998,                0.77571,                 1.6194,                0.86826,                0.72873,                0.80508,                 0.5472,                 2.2704,                 1.2785,                 1.7226,               0.006403,               0.006403,               0.006403
                    111,                 1.4844,                0.76504,                 1.6176,                0.87219,                0.72825,                0.80509,                0.54704,                 2.2739,                 1.2713,                 1.7228,                0.00637,                0.00637,                0.00637
                    112,                 1.4799,                 0.7661,                 1.6144,                0.86698,                0.73197,                0.80598,                0.54759,                 2.2713,                 1.2657,                  1.723,               0.006337,               0.006337,               0.006337
                    113,                 1.4667,                0.75847,                 1.6136,                0.87198,                0.72848,                0.80652,                 0.5481,                 2.2677,                 1.2619,                 1.7221,               0.006304,               0.006304,               0.006304
                    114,                 1.4702,                0.75859,                  1.614,                0.88021,                0.72517,                 0.8065,                0.54914,                 2.2663,                  1.263,                 1.7219,               0.006271,               0.006271,               0.006271
                    115,                 1.4783,                0.76297,                 1.6117,                0.87671,                0.72593,                0.80613,                0.54826,                  2.267,                 1.2623,                 1.7216,               0.006238,               0.006238,               0.006238
                    116,                 1.4858,                 0.7625,                 1.6181,                0.87489,                0.72533,                0.80648,                0.54878,                 2.2676,                 1.2618,                 1.7214,               0.006205,               0.006205,               0.006205
                    117,                 1.4653,                0.75835,                 1.6141,                0.87969,                0.72393,                0.80638,                0.54947,                  2.263,                 1.2676,                 1.7206,               0.006172,               0.006172,               0.006172
                    118,                 1.4882,                0.77517,                 1.6169,                0.87697,                0.72539,                0.80715,                0.55036,                 2.2622,                 1.2675,                 1.7211,               0.006139,               0.006139,               0.006139
                    119,                 1.4675,                0.76223,                 1.6148,                0.87854,                0.72679,                0.80864,                0.55025,                 2.2629,                 1.2696,                 1.7213,               0.006106,               0.006106,               0.006106
                    120,                 1.4681,                0.75283,                 1.6127,                0.87727,                0.72625,                0.80796,                0.55037,                 2.2645,                 1.2703,                  1.722,               0.006073,               0.006073,               0.006073
                    121,                 1.4666,                0.74811,                 1.6181,                0.87653,                0.72817,                0.80826,                0.54972,                 2.2648,                 1.2663,                  1.722,                0.00604,                0.00604,                0.00604
                    122,                 1.4453,                0.74171,                  1.608,                0.87617,                0.72691,                0.80861,                0.55066,                 2.2638,                 1.2663,                 1.7218,               0.006007,               0.006007,               0.006007
                    123,                  1.446,                0.74748,                 1.6123,                0.87843,                 0.7276,                0.80998,                0.55103,                 2.2634,                 1.2629,                 1.7223,               0.005974,               0.005974,               0.005974
                    124,                 1.4543,                0.74721,                 1.6147,                0.88133,                 0.7269,                0.81133,                0.55153,                 2.2633,                 1.2598,                 1.7223,               0.005941,               0.005941,               0.005941
                    125,                 1.4388,                0.73474,                 1.6104,                0.88311,                0.72598,                0.81066,                0.55093,                 2.2659,                   1.26,                 1.7228,               0.005908,               0.005908,               0.005908
                    126,                 1.4404,                0.74096,                 1.6108,                0.88277,                0.72609,                0.81133,                0.55155,                 2.2625,                 1.2571,                 1.7228,               0.005875,               0.005875,               0.005875
                    127,                 1.4352,                0.74728,                 1.6119,                0.88492,                0.72525,                0.81186,                0.55228,                 2.2623,                 1.2544,                  1.723,               0.005842,               0.005842,               0.005842
                    128,                 1.4483,                0.74128,                 1.6134,                0.88389,                0.72549,                0.81157,                0.55194,                 2.2615,                 1.2551,                 1.7225,               0.005809,               0.005809,               0.005809
                    129,                 1.4397,                0.73969,                 1.6084,                0.87174,                0.73311,                 0.8114,                0.55175,                 2.2607,                 1.2561,                 1.7226,               0.005776,               0.005776,               0.005776
                    130,                 1.4424,                0.74125,                  1.608,                0.87538,                0.73078,                0.81153,                0.55173,                 2.2603,                 1.2554,                 1.7225,               0.005743,               0.005743,               0.005743
                    131,                 1.4449,                0.73795,                 1.6108,                0.87332,                0.73176,                0.81205,                0.55203,                 2.2607,                 1.2538,                 1.7229,                0.00571,                0.00571,                0.00571
                    132,                 1.4241,                0.73233,                 1.6071,                0.87132,                0.73327,                0.81202,                  0.552,                 2.2608,                 1.2542,                 1.7227,               0.005677,               0.005677,               0.005677
                    133,                 1.4295,                0.73036,                  1.609,                0.87036,                0.73327,                0.81213,                0.55213,                 2.2597,                 1.2532,                 1.7228,               0.005644,               0.005644,               0.005644
                    134,                 1.4313,                0.73378,                 1.6112,                0.88293,                 0.7276,                0.81268,                0.55266,                 2.2587,                 1.2509,                 1.7231,               0.005611,               0.005611,               0.005611
                    135,                 1.4239,                0.72711,                 1.6066,                0.88225,                0.72695,                0.81282,                0.55315,                 2.2578,                 1.2513,                 1.7237,               0.005578,               0.005578,               0.005578
                    136,                 1.4077,                0.72111,                 1.6065,                0.87778,                0.73132,                0.81307,                0.55313,                 2.2581,                 1.2493,                 1.7237,               0.005545,               0.005545,               0.005545
                    137,                 1.4245,                0.73044,                 1.6056,                 0.8748,                0.73257,                0.81266,                0.55307,                 2.2592,                 1.2481,                 1.7237,               0.005512,               0.005512,               0.005512
                    138,                 1.4243,                 0.7285,                 1.6132,                0.86936,                0.73758,                0.81294,                0.55351,                 2.2584,                 1.2467,                 1.7236,               0.005479,               0.005479,               0.005479
                    139,                 1.4148,                0.72407,                  1.607,                0.87063,                0.73538,                0.81351,                 0.5546,                 2.2565,                 1.2455,                 1.7232,               0.005446,               0.005446,               0.005446
                    140,                 1.4047,                0.72192,                 1.6077,                0.87013,                0.73613,                 0.8137,                0.55451,                 2.2563,                 1.2434,                 1.7235,               0.005413,               0.005413,               0.005413
                    141,                 1.4012,                0.72549,                 1.6075,                0.87225,                0.73464,                0.81384,                0.55465,                  2.257,                 1.2414,                 1.7236,                0.00538,                0.00538,                0.00538
                    142,                 1.4078,                0.71978,                 1.6053,                0.87131,                0.73505,                0.81408,                0.55488,                 2.2576,                 1.2405,                 1.7235,               0.005347,               0.005347,               0.005347
                    143,                 1.4044,                0.72323,                 1.6069,                0.87012,                0.73602,                0.81446,                0.55498,                 2.2556,                 1.2408,                 1.7233,               0.005314,               0.005314,               0.005314
                    144,                 1.3978,                0.71189,                 1.6077,                0.87518,                0.73171,                0.81403,                0.55512,                 2.2541,                 1.2405,                  1.723,               0.005281,               0.005281,               0.005281
                    145,                 1.4016,                0.71924,                 1.6059,                0.87479,                0.73327,                0.81459,                0.55579,                 2.2526,                 1.2412,                  1.723,               0.005248,               0.005248,               0.005248
                    146,                 1.3888,                0.71397,                 1.6079,                0.87189,                0.73456,                0.81391,                0.55531,                 2.2527,                 1.2409,                 1.7228,               0.005215,               0.005215,               0.005215
                    147,                 1.4047,                0.71883,                 1.6032,                0.87777,                0.73197,                0.81405,                0.55524,                 2.2518,                 1.2419,                 1.7227,               0.005182,               0.005182,               0.005182
                    148,                 1.4083,                0.71681,                 1.6052,                0.87043,                0.73489,                0.81375,                0.55494,                 2.2524,                 1.2417,                 1.7228,               0.005149,               0.005149,               0.005149
                    149,                 1.3932,                 0.7113,                 1.6049,                 0.8734,                0.73375,                0.81379,                0.55497,                 2.2514,                 1.2418,                 1.7227,               0.005116,               0.005116,               0.005116
                    150,                 1.3825,                0.70776,                 1.5984,                  0.868,                  0.737,                0.81359,                 0.5551,                 2.2529,                 1.2414,                 1.7227,               0.005083,               0.005083,               0.005083
                    151,                  1.393,                0.70827,                 1.6061,                0.86633,                0.73797,                0.81378,                0.55522,                 2.2517,                 1.2399,                 1.7224,                0.00505,                0.00505,                0.00505
                    152,                 1.3852,                0.70226,                 1.6037,                 0.8662,                0.73643,                0.81384,                0.55481,                 2.2518,                 1.2395,                 1.7225,               0.005017,               0.005017,               0.005017
                    153,                 1.3665,                0.70262,                 1.6048,                0.86762,                 0.7371,                0.81428,                0.55527,                 2.2519,                 1.2398,                 1.7225,               0.004984,               0.004984,               0.004984
                    154,                 1.3688,                0.69315,                 1.6056,                0.86935,                0.73538,                0.81438,                0.55542,                 2.2522,                 1.2393,                 1.7224,               0.004951,               0.004951,               0.004951
                    155,                 1.3799,                0.69858,                 1.6047,                0.87428,                0.73474,                0.81414,                0.55472,                 2.2525,                 1.2399,                 1.7222,               0.004918,               0.004918,               0.004918
                    156,                  1.384,                0.70743,                 1.6052,                0.87517,                0.73359,                0.81435,                0.55515,                 2.2519,                 1.2385,                 1.7222,               0.004885,               0.004885,               0.004885
                    157,                 1.3602,                0.69373,                 1.5992,                0.87466,                0.73392,                0.81454,                0.55501,                 2.2518,                 1.2373,                 1.7223,               0.004852,               0.004852,               0.004852
                    158,                 1.3726,                0.69839,                 1.6028,                0.87132,                0.73628,                0.81419,                0.55492,                 2.2512,                 1.2382,                 1.7223,               0.004819,               0.004819,               0.004819
                    159,                 1.3483,                0.68337,                 1.6003,                0.87136,                0.73554,                0.81407,                0.55517,                 2.2514,                 1.2376,                 1.7223,               0.004786,               0.004786,               0.004786
                    160,                 1.3578,                0.68868,                 1.6015,                0.87011,                0.73748,                0.81404,                0.55498,                 2.2506,                 1.2382,                  1.722,               0.004753,               0.004753,               0.004753
                    161,                 1.3564,                 0.6941,                  1.604,                0.87032,                0.73738,                0.81461,                0.55506,                 2.2502,                 1.2371,                 1.7223,                0.00472,                0.00472,                0.00472
                    162,                 1.3508,                0.68539,                  1.599,                0.87662,                0.73338,                0.81508,                0.55513,                 2.2505,                  1.236,                 1.7222,               0.004687,               0.004687,               0.004687
                    163,                 1.3592,                0.68996,                 1.6039,                0.86999,                0.73737,                0.81516,                0.55536,                 2.2494,                 1.2354,                 1.7221,               0.004654,               0.004654,               0.004654
                    164,                 1.3618,                0.69688,                 1.5992,                0.87321,                0.73546,                 0.8152,                0.55537,                 2.2496,                 1.2337,                 1.7221,               0.004621,               0.004621,               0.004621
                    165,                 1.3402,                0.68581,                 1.5968,                0.87184,                0.73748,                0.81545,                0.55526,                 2.2493,                 1.2331,                 1.7221,               0.004588,               0.004588,               0.004588
                    166,                 1.3397,                0.68529,                  1.598,                0.86502,                0.73943,                0.81517,                0.55532,                 2.2494,                 1.2342,                  1.722,               0.004555,               0.004555,               0.004555
                    167,                 1.3607,                0.69694,                 1.6014,                0.86482,                0.74024,                0.81524,                0.55549,                 2.2493,                 1.2338,                 1.7222,               0.004522,               0.004522,               0.004522
                    168,                 1.3216,                0.67693,                    1.6,                0.87453,                0.73456,                0.81542,                0.55571,                 2.2498,                 1.2343,                 1.7221,               0.004489,               0.004489,               0.004489
                    169,                 1.3344,                0.68231,                 1.5992,                0.86914,                0.73835,                0.81548,                0.55599,                 2.2494,                 1.2333,                  1.722,               0.004456,               0.004456,               0.004456
                    170,                 1.3424,                0.68666,                 1.6003,                0.87107,                0.73829,                0.81591,                0.55631,                 2.2482,                 1.2325,                 1.7219,               0.004423,               0.004423,               0.004423
                    171,                 1.3413,                0.67891,                 1.5982,                0.87534,                0.73506,                0.81589,                0.55642,                 2.2479,                 1.2317,                 1.7218,                0.00439,                0.00439,                0.00439
                    172,                 1.3303,                0.68409,                 1.5937,                0.87753,                0.73456,                 0.8157,                0.55628,                  2.247,                 1.2323,                 1.7219,               0.004357,               0.004357,               0.004357
                    173,                 1.3311,                0.67688,                 1.5992,                 0.8744,                0.73554,                0.81568,                0.55626,                 2.2467,                 1.2329,                  1.722,               0.004324,               0.004324,               0.004324
                    174,                 1.3201,                0.66938,                 1.5943,                0.87464,                0.73489,                0.81593,                0.55663,                 2.2464,                  1.233,                 1.7221,               0.004291,               0.004291,               0.004291
                    175,                 1.3211,                0.67283,                 1.5946,                0.87482,                0.73608,                0.81563,                0.55628,                 2.2465,                 1.2315,                 1.7221,               0.004258,               0.004258,               0.004258
                    176,                  1.328,                0.67234,                 1.5982,                0.87814,                0.73451,                0.81574,                 0.5565,                 2.2471,                 1.2314,                 1.7223,               0.004225,               0.004225,               0.004225
                    177,                 1.3151,                0.66926,                 1.5954,                0.87506,                0.73586,                0.81556,                0.55657,                 2.2463,                 1.2302,                 1.7222,               0.004192,               0.004192,               0.004192
                    178,                 1.3251,                0.67455,                 1.5979,                0.87423,                0.73748,                0.81605,                0.55644,                 2.2463,                 1.2312,                 1.7221,               0.004159,               0.004159,               0.004159
                    179,                 1.3281,                0.67495,                 1.5947,                0.87397,                0.73829,                0.81633,                0.55671,                 2.2468,                 1.2308,                 1.7221,               0.004126,               0.004126,               0.004126
                    180,                 1.3168,                0.66923,                 1.5969,                0.86996,                0.74186,                0.81645,                0.55695,                 2.2464,                 1.2307,                  1.722,               0.004093,               0.004093,               0.004093
                    181,                  1.311,                0.66566,                 1.5985,                0.87356,                0.73894,                0.81649,                0.55714,                 2.2459,                 1.2309,                  1.722,                0.00406,                0.00406,                0.00406
                    182,                 1.3042,                0.66188,                 1.5953,                0.87319,                 0.7391,                0.81657,                0.55693,                 2.2456,                 1.2304,                 1.7221,               0.004027,               0.004027,               0.004027
                    183,                 1.2999,                0.65723,                 1.5937,                0.87365,                0.73839,                0.81649,                0.55717,                 2.2456,                   1.23,                 1.7221,               0.003994,               0.003994,               0.003994
                    184,                 1.2946,                0.65514,                  1.594,                0.87854,                0.73489,                0.81672,                0.55734,                 2.2448,                 1.2295,                 1.7221,               0.003961,               0.003961,               0.003961
                    185,                 1.3134,                0.66853,                  1.592,                 0.8781,                0.73424,                0.81687,                0.55736,                 2.2452,                 1.2295,                 1.7221,               0.003928,               0.003928,               0.003928
                    186,                 1.2827,                0.65568,                 1.5939,                0.87796,                0.73408,                0.81731,                0.55754,                 2.2443,                 1.2298,                 1.7222,               0.003895,               0.003895,               0.003895
                    187,                 1.2878,                0.65293,                 1.5931,                0.87274,                  0.739,                0.81783,                0.55766,                 2.2445,                 1.2291,                 1.7221,               0.003862,               0.003862,               0.003862
                    188,                 1.2974,                0.66237,                 1.5936,                0.87638,                0.73716,                0.81794,                 0.5577,                 2.2447,                 1.2286,                 1.7222,               0.003829,               0.003829,               0.003829
                    189,                 1.2931,                 0.6616,                 1.5993,                0.87159,                0.73991,                0.81814,                0.55812,                 2.2439,                 1.2282,                 1.7223,               0.003796,               0.003796,               0.003796
                    190,                 1.2906,                0.65363,                 1.5949,                0.87295,                0.73991,                0.81806,                0.55826,                  2.244,                 1.2282,                 1.7222,               0.003763,               0.003763,               0.003763
                    191,                 1.2933,                0.65495,                 1.5932,                0.87793,                  0.737,                0.81855,                 0.5581,                 2.2432,                 1.2271,                 1.7222,                0.00373,                0.00373,                0.00373
                    192,                  1.296,                 0.6607,                 1.5949,                0.87741,                0.73845,                 0.8187,                0.55787,                 2.2436,                 1.2275,                 1.7223,               0.003697,               0.003697,               0.003697
                    193,                 1.2883,                0.65661,                 1.5924,                0.87317,                0.73862,                 0.8186,                0.55773,                 2.2441,                  1.228,                 1.7224,               0.003664,               0.003664,               0.003664
                    194,                 1.2871,                0.65515,                 1.5922,                0.87611,                0.73732,                0.81864,                0.55811,                 2.2437,                  1.227,                 1.7225,               0.003631,               0.003631,               0.003631
                    195,                 1.2911,                0.65725,                 1.5945,                 0.8771,                0.73748,                0.81882,                0.55795,                 2.2435,                 1.2266,                 1.7224,               0.003598,               0.003598,               0.003598
                    196,                 1.2806,                0.64776,                 1.5922,                0.87729,                0.73797,                0.81902,                0.55806,                 2.2439,                 1.2261,                 1.7225,               0.003565,               0.003565,               0.003565
                    197,                  1.272,                0.64807,                 1.5912,                0.87614,                0.73829,                0.81891,                  0.558,                 2.2438,                  1.226,                 1.7223,               0.003532,               0.003532,               0.003532
                    198,                  1.274,                0.64936,                 1.5913,                0.87415,                0.73952,                0.81879,                0.55762,                 2.2442,                 1.2263,                 1.7225,               0.003499,               0.003499,               0.003499
                    199,                 1.2645,                0.64403,                 1.5927,                0.87571,                0.73878,                0.81865,                0.55725,                 2.2438,                  1.226,                 1.7226,               0.003466,               0.003466,               0.003466
                    200,                 1.2623,                0.63725,                 1.5937,                0.87604,                0.73981,                0.81879,                 0.5573,                 2.2439,                 1.2262,                 1.7226,               0.003433,               0.003433,               0.003433
                    201,                 1.2596,                0.63954,                  1.594,                0.87628,                0.73959,                0.81883,                0.55751,                 2.2441,                 1.2258,                 1.7226,                 0.0034,                 0.0034,                 0.0034
                    202,                 1.2568,                0.63876,                 1.5917,                0.87831,                0.73926,                0.81896,                0.55747,                 2.2436,                 1.2257,                 1.7227,               0.003367,               0.003367,               0.003367
                    203,                 1.2581,                0.63832,                 1.5894,                0.87739,                0.73981,                0.81932,                0.55819,                 2.2425,                 1.2256,                 1.7229,               0.003334,               0.003334,               0.003334
                    204,                 1.2608,                0.64299,                 1.5934,                 0.8772,                0.74007,                0.81933,                0.55811,                  2.242,                 1.2266,                 1.7228,               0.003301,               0.003301,               0.003301
                    205,                 1.2641,                0.63719,                 1.5947,                0.87732,                0.73975,                0.81948,                0.55824,                 2.2423,                 1.2258,                 1.7229,               0.003268,               0.003268,               0.003268
                    206,                 1.2656,                0.64384,                 1.5925,                0.87634,                0.74072,                0.81944,                0.55813,                 2.2428,                 1.2255,                 1.7228,               0.003235,               0.003235,               0.003235
                    207,                 1.2616,                0.63699,                 1.5937,                0.87663,                 0.7404,                0.81929,                0.55811,                 2.2424,                 1.2257,                 1.7227,               0.003202,               0.003202,               0.003202
                    208,                 1.2466,                0.63325,                  1.594,                0.87776,                0.74003,                 0.8192,                 0.5582,                 2.2426,                 1.2259,                 1.7226,               0.003169,               0.003169,               0.003169
                    209,                 1.2304,                0.61661,                 1.5891,                0.87745,                0.74023,                0.81959,                0.55838,                 2.2408,                 1.2265,                 1.7226,               0.003136,               0.003136,               0.003136
                    210,                 1.2416,                0.62637,                 1.5858,                0.87463,                0.74088,                0.81969,                0.55848,                 2.2408,                 1.2255,                 1.7226,               0.003103,               0.003103,               0.003103
                    211,                 1.2247,                0.62298,                 1.5902,                 0.8779,                0.74137,                0.82009,                0.55876,                 2.2395,                 1.2253,                 1.7225,                0.00307,                0.00307,                0.00307
                    212,                 1.2341,                0.62185,                 1.5912,                0.87831,                0.74035,                0.81997,                0.55895,                 2.2399,                 1.2256,                 1.7225,               0.003037,               0.003037,               0.003037
                    213,                 1.2178,                0.61102,                 1.5868,                0.88082,                0.73943,                0.82001,                 0.5592,                 2.2386,                  1.225,                 1.7224,               0.003004,               0.003004,               0.003004
                    214,                 1.2292,                0.62013,                 1.5905,                0.87938,                0.74073,                0.82015,                0.55895,                 2.2394,                 1.2246,                 1.7223,               0.002971,               0.002971,               0.002971
                    215,                 1.2374,                0.62259,                 1.5908,                0.87991,                0.74089,                0.82056,                0.55923,                 2.2399,                 1.2245,                 1.7224,               0.002938,               0.002938,               0.002938
                    216,                 1.2388,                0.62334,                 1.5888,                0.88056,                0.73991,                0.82046,                 0.5592,                 2.2401,                 1.2246,                 1.7224,               0.002905,               0.002905,               0.002905
                    217,                 1.2185,                0.60715,                 1.5898,                0.88116,                0.74013,                0.82083,                0.55946,                 2.2396,                 1.2243,                 1.7224,               0.002872,               0.002872,               0.002872
                    218,                 1.2239,                0.62054,                 1.5864,                0.87776,                0.74121,                0.82088,                0.55984,                 2.2392,                 1.2252,                 1.7224,               0.002839,               0.002839,               0.002839
                    219,                 1.2183,                0.61225,                 1.5838,                0.87687,                 0.7432,                0.82107,                0.55979,                 2.2391,                 1.2256,                 1.7224,               0.002806,               0.002806,               0.002806
                    220,                 1.2142,                0.61576,                 1.5872,                0.87514,                0.74395,                0.82071,                0.55964,                 2.2386,                 1.2258,                 1.7223,               0.002773,               0.002773,               0.002773
                    221,                  1.212,                0.61421,                 1.5865,                0.87571,                0.74444,                0.82065,                0.55958,                 2.2389,                 1.2251,                 1.7224,                0.00274,                0.00274,                0.00274
                    222,                 1.2138,                 0.6076,                 1.5822,                0.87571,                0.74461,                0.82081,                0.55939,                 2.2388,                 1.2249,                 1.7223,               0.002707,               0.002707,               0.002707
                    223,                 1.2149,                0.60968,                 1.5884,                0.87655,                0.74477,                0.82051,                0.55942,                 2.2392,                 1.2241,                 1.7224,               0.002674,               0.002674,               0.002674
                    224,                 1.2092,                0.60529,                 1.5887,                 0.8763,                0.74502,                0.82052,                0.55924,                 2.2391,                 1.2239,                 1.7222,               0.002641,               0.002641,               0.002641
                    225,                 1.2118,                0.60618,                 1.5834,                 0.8767,                0.74433,                0.82034,                0.55943,                 2.2393,                 1.2235,                 1.7223,               0.002608,               0.002608,               0.002608
                    226,                 1.1925,                0.59842,                 1.5825,                0.87596,                0.74502,                0.82071,                0.55962,                 2.2397,                  1.224,                 1.7223,               0.002575,               0.002575,               0.002575
                    227,                 1.2039,                0.60326,                 1.5872,                 0.8752,                0.74526,                 0.8206,                0.55933,                  2.241,                 1.2249,                 1.7223,               0.002542,               0.002542,               0.002542
                    228,                 1.1927,                0.59841,                 1.5843,                0.87584,                 0.7451,                0.82034,                0.55955,                 2.2407,                 1.2247,                 1.7222,               0.002509,               0.002509,               0.002509
                    229,                 1.1977,                0.61116,                  1.586,                0.87677,                0.74429,                0.82033,                0.55928,                 2.2411,                 1.2246,                 1.7222,               0.002476,               0.002476,               0.002476
                    230,                 1.2019,                0.60383,                 1.5842,                0.87436,                0.74591,                0.82024,                0.55964,                 2.2415,                 1.2246,                 1.7224,               0.002443,               0.002443,               0.002443
                    231,                 1.1936,                0.60174,                 1.5845,                0.87431,                0.74558,                0.82033,                0.55941,                 2.2407,                 1.2239,                 1.7224,                0.00241,                0.00241,                0.00241
                    232,                 1.1816,                0.59116,                 1.5874,                0.87631,                0.74512,                0.82025,                0.55961,                 2.2407,                 1.2242,                 1.7224,               0.002377,               0.002377,               0.002377
                    233,                 1.1748,                0.59224,                 1.5804,                0.87558,                0.74477,                0.82051,                0.55978,                 2.2409,                 1.2241,                 1.7225,               0.002344,               0.002344,               0.002344
                    234,                 1.1864,                0.58984,                 1.5812,                0.87453,                0.74655,                0.82098,                 0.5601,                 2.2418,                 1.2239,                 1.7226,               0.002311,               0.002311,               0.002311
                    235,                 1.1756,                0.58404,                 1.5828,                0.87514,                0.74624,                0.82108,                 0.5602,                 2.2416,                 1.2234,                 1.7225,               0.002278,               0.002278,               0.002278
                    236,                  1.168,                0.58741,                 1.5814,                  0.874,                0.74737,                0.82157,                0.56046,                 2.2419,                 1.2231,                 1.7225,               0.002245,               0.002245,               0.002245
                    237,                 1.1803,                0.58829,                 1.5857,                0.87576,                0.74639,                0.82177,                0.56064,                 2.2412,                 1.2224,                 1.7224,               0.002212,               0.002212,               0.002212
                    238,                 1.1669,                0.58763,                 1.5823,                0.87382,                0.74739,                0.82162,                0.56067,                 2.2417,                 1.2229,                 1.7225,               0.002179,               0.002179,               0.002179
                    239,                 1.1597,                0.58141,                 1.5786,                0.87531,                0.74688,                0.82193,                0.56031,                 2.2417,                 1.2231,                 1.7225,               0.002146,               0.002146,               0.002146
                    240,                 1.1514,                0.58153,                 1.5819,                0.87636,                0.74753,                0.82185,                 0.5602,                 2.2421,                  1.222,                 1.7225,               0.002113,               0.002113,               0.002113
                    241,                 1.1475,                0.57509,                 1.5789,                0.87343,                0.74866,                0.82152,                 0.5601,                 2.2421,                 1.2208,                 1.7225,                0.00208,                0.00208,                0.00208
                    242,                 1.1489,                  0.581,                 1.5814,                0.87425,                0.74834,                0.82156,                   0.56,                 2.2428,                 1.2208,                 1.7227,               0.002047,               0.002047,               0.002047
                    243,                   1.15,                0.57479,                 1.5781,                0.87334,                0.74834,                0.82119,                0.55958,                  2.243,                 1.2204,                 1.7227,               0.002014,               0.002014,               0.002014
                    244,                  1.165,                0.58538,                 1.5794,                0.87447,                0.74841,                0.82121,                0.55922,                 2.2443,                 1.2194,                 1.7227,               0.001981,               0.001981,               0.001981
                    245,                 1.1539,                0.57349,                 1.5831,                0.87483,                0.74899,                0.82145,                0.55916,                 2.2445,                 1.2197,                 1.7226,               0.001948,               0.001948,               0.001948
                    246,                 1.1476,                0.57216,                 1.5813,                0.87601,                0.74818,                0.82159,                0.55949,                  2.244,                 1.2195,                 1.7227,               0.001915,               0.001915,               0.001915
                    247,                 1.1429,                0.57228,                 1.5817,                0.87282,                0.74915,                 0.8217,                0.55918,                 2.2442,                  1.219,                 1.7228,               0.001882,               0.001882,               0.001882
                    248,                 1.1438,                0.57695,                 1.5842,                0.87097,                0.74964,                0.82159,                0.55883,                 2.2453,                 1.2191,                 1.7229,               0.001849,               0.001849,               0.001849
                    249,                 1.1376,                0.56845,                 1.5791,                0.87312,                0.74828,                 0.8217,                0.55896,                 2.2449,                 1.2194,                 1.7228,               0.001816,               0.001816,               0.001816
                    250,                 1.1437,                0.57008,                 1.5823,                0.87169,                0.74915,                0.82169,                0.55895,                 2.2446,                 1.2192,                 1.7229,               0.001783,               0.001783,               0.001783
                    251,                 1.1411,                0.57331,                 1.5815,                0.87434,                0.74754,                0.82155,                0.55907,                 2.2443,                 1.2193,                  1.723,                0.00175,                0.00175,                0.00175
                    252,                 1.1318,                0.56354,                 1.5785,                0.87275,                 0.7491,                0.82118,                0.55851,                 2.2452,                 1.2202,                 1.7231,               0.001717,               0.001717,               0.001717
                    253,                 1.1317,                0.55901,                 1.5808,                0.87452,                0.74763,                 0.8214,                0.55929,                 2.2434,                 1.2191,                  1.723,               0.001684,               0.001684,               0.001684
                    254,                 1.1319,                0.56159,                 1.5781,                0.87071,                 0.7508,                0.82166,                0.55911,                 2.2436,                 1.2196,                 1.7231,               0.001651,               0.001651,               0.001651
                    255,                 1.1247,                0.56209,                 1.5779,                0.87459,                0.74753,                0.82171,                0.55923,                 2.2437,                 1.2199,                  1.723,               0.001618,               0.001618,               0.001618
                    256,                 1.1156,                0.56223,                 1.5767,                0.87354,                0.74769,                 0.8218,                0.55886,                 2.2431,                 1.2193,                  1.723,               0.001585,               0.001585,               0.001585
                    257,                 1.1035,                0.54778,                 1.5792,                0.87334,                0.74785,                0.82164,                0.55894,                 2.2431,                 1.2185,                 1.7231,               0.001552,               0.001552,               0.001552
                    258,                  1.105,                0.54856,                 1.5777,                 0.8733,                 0.7485,                0.82181,                0.55906,                 2.2423,                 1.2185,                 1.7231,               0.001519,               0.001519,               0.001519
                    259,                 1.1181,                  0.559,                 1.5779,                0.87411,                0.74822,                0.82185,                0.55913,                  2.242,                 1.2185,                 1.7231,               0.001486,               0.001486,               0.001486
                    260,                 1.1072,                0.55189,                 1.5771,                0.87431,                 0.7472,                0.82173,                0.55973,                 2.2411,                 1.2193,                  1.723,               0.001453,               0.001453,               0.001453
                    261,                 1.1099,                0.55239,                 1.5781,                0.87425,                0.74656,                0.82162,                0.56012,                 2.2402,                  1.219,                  1.723,                0.00142,                0.00142,                0.00142
                    262,                 1.0877,                0.54136,                 1.5769,                0.87183,                0.74955,                0.82182,                0.55996,                 2.2394,                  1.219,                  1.723,               0.001387,               0.001387,               0.001387
                    263,                 1.1002,                0.54902,                 1.5755,                0.87141,                 0.7489,                0.82198,                0.56014,                  2.239,                 1.2189,                  1.723,               0.001354,               0.001354,               0.001354
                    264,                 1.0882,                0.54561,                 1.5743,                0.87067,                 0.7495,                0.82165,                0.56001,                 2.2394,                 1.2203,                  1.723,               0.001321,               0.001321,               0.001321
                    265,                 1.0957,                0.54621,                 1.5733,                 0.8706,                0.75007,                0.82158,                0.56023,                 2.2385,                 1.2199,                 1.7229,               0.001288,               0.001288,               0.001288
                    266,                 1.0837,                0.53941,                 1.5754,                0.87077,                0.74904,                0.82211,                0.56031,                 2.2378,                   1.22,                 1.7229,               0.001255,               0.001255,               0.001255
                    267,                 1.0861,                0.53901,                 1.5732,                0.87098,                0.74947,                0.82195,                 0.5602,                 2.2371,                 1.2208,                 1.7229,               0.001222,               0.001222,               0.001222
                    268,                 1.0732,                0.52794,                 1.5729,                0.87063,                0.74922,                0.82205,                0.56022,                 2.2374,                 1.2205,                 1.7228,               0.001189,               0.001189,               0.001189
                    269,                 1.0752,                0.53795,                 1.5758,                0.87145,                0.74813,                0.82196,                0.56027,                 2.2362,                 1.2217,                 1.7229,               0.001156,               0.001156,               0.001156
                    270,                 1.0785,                0.53224,                 1.5737,                0.87345,                0.74715,                0.82195,                0.56019,                 2.2369,                 1.2216,                 1.7228,               0.001123,               0.001123,               0.001123
                    271,                 1.0721,                0.53723,                 1.5753,                0.87471,                0.74801,                 0.8221,                 0.5607,                 2.2354,                 1.2215,                 1.7228,                0.00109,                0.00109,                0.00109
                    272,                 1.0517,                0.52971,                 1.5698,                0.87383,                0.74801,                0.82205,                0.56076,                 2.2349,                 1.2217,                 1.7227,               0.001057,               0.001057,               0.001057
                    273,                 1.0598,                0.52588,                 1.5751,                0.87431,                0.74769,                0.82199,                 0.5606,                 2.2351,                 1.2223,                 1.7228,               0.001024,               0.001024,               0.001024
                    274,                 1.0599,                0.52575,                 1.5748,                0.87316,                0.74852,                0.82203,                0.56069,                 2.2346,                 1.2224,                 1.7228,               0.000991,               0.000991,               0.000991
                    275,                 1.0592,                 0.5253,                 1.5732,                0.87298,                 0.7485,                0.82212,                0.56087,                 2.2337,                 1.2221,                 1.7227,               0.000958,               0.000958,               0.000958
                    276,                 1.0586,                0.52256,                 1.5711,                0.87444,                0.74769,                0.82209,                0.56108,                 2.2333,                 1.2225,                 1.7226,               0.000925,               0.000925,               0.000925
                    277,                 1.0654,                0.52444,                 1.5748,                0.87449,                0.74801,                0.82195,                0.56125,                 2.2326,                  1.223,                 1.7227,               0.000892,               0.000892,               0.000892
                    278,                 1.0453,                0.51405,                 1.5703,                0.87603,                0.74772,                0.82215,                0.56144,                 2.2328,                 1.2236,                 1.7228,               0.000859,               0.000859,               0.000859
                    279,                 1.0459,                0.51733,                 1.5693,                0.87446,                0.74801,                0.82216,                0.56192,                 2.2317,                 1.2236,                 1.7227,               0.000826,               0.000826,               0.000826
                    280,                 1.0413,                0.51822,                 1.5675,                0.87553,                0.74834,                0.82233,                0.56202,                 2.2312,                  1.224,                 1.7227,               0.000793,               0.000793,               0.000793
                    281,                 1.0486,                0.51941,                 1.5757,                0.87577,                0.74826,                0.82248,                0.56245,                 2.2303,                 1.2237,                 1.7227,                0.00076,                0.00076,                0.00076
                    282,                  1.039,                0.51888,                 1.5727,                0.87516,                0.74801,                0.82238,                0.56261,                 2.2293,                 1.2243,                 1.7226,               0.000727,               0.000727,               0.000727
                    283,                 1.0398,                0.51636,                 1.5683,                0.87621,                0.74818,                0.82218,                0.56239,                 2.2296,                 1.2243,                 1.7225,               0.000694,               0.000694,               0.000694
                    284,                 1.0319,                0.50907,                 1.5715,                0.87499,                0.74861,                0.82242,                0.56244,                 2.2281,                 1.2248,                 1.7225,               0.000661,               0.000661,               0.000661
                    285,                 1.0081,                0.49795,                  1.566,                0.87561,                0.74737,                0.82193,                0.56242,                 2.2285,                 1.2252,                 1.7225,               0.000628,               0.000628,               0.000628
                    286,                 1.0101,                0.49774,                 1.5684,                0.87588,                0.74753,                0.82205,                0.56233,                 2.2277,                  1.225,                 1.7225,               0.000595,               0.000595,               0.000595
                    287,                  1.012,                0.49997,                 1.5683,                0.87613,                0.74785,                 0.8222,                0.56263,                 2.2289,                 1.2255,                 1.7226,               0.000562,               0.000562,               0.000562
                    288,                 1.0146,                0.50485,                 1.5663,                0.87661,                0.74753,                0.82175,                0.56238,                 2.2283,                 1.2255,                 1.7225,               0.000529,               0.000529,               0.000529
                    289,                   1.02,                0.50404,                 1.5673,                  0.877,                0.74758,                0.82181,                0.56222,                 2.2278,                 1.2255,                 1.7225,               0.000496,               0.000496,               0.000496
                    290,                 1.0174,                0.50643,                 1.5681,                0.87669,                0.74737,                0.82199,                0.56227,                  2.228,                 1.2249,                 1.7224,               0.000463,               0.000463,               0.000463
                    291,                  2.005,                 1.0496,                 1.6384,                0.87433,                0.74818,                0.82187,                0.56223,                 2.2279,                 1.2255,                 1.7224,                0.00043,                0.00043,                0.00043
                    292,                 1.9338,                 0.9903,                 1.6268,                0.87572,                0.74793,                0.82197,                 0.5624,                 2.2265,                 1.2253,                 1.7223,               0.000397,               0.000397,               0.000397
                    293,                 1.9218,                 0.9828,                 1.6221,                0.87703,                0.74777,                0.82248,                0.56266,                 2.2261,                 1.2248,                 1.7223,               0.000364,               0.000364,               0.000364
                    294,                  1.919,                0.98014,                 1.6249,                0.87656,                0.74909,                0.82248,                0.56275,                 2.2258,                 1.2233,                 1.7221,               0.000331,               0.000331,               0.000331
                    295,                 1.8966,                 0.9626,                 1.6161,                0.87775,                0.74866,                0.82266,                0.56272,                 2.2248,                 1.2234,                  1.722,               0.000298,               0.000298,               0.000298
                    296,                 1.8943,                0.95529,                 1.6178,                0.87496,                0.74951,                0.82257,                0.56252,                 2.2256,                 1.2235,                 1.7219,               0.000265,               0.000265,               0.000265
                    297,                 1.8853,                0.95543,                  1.622,                0.87603,                0.74947,                0.82255,                0.56276,                 2.2245,                 1.2231,                 1.7218,               0.000232,               0.000232,               0.000232
                    298,                 1.8705,                0.93656,                 1.6179,                0.87567,                0.74982,                0.82242,                  0.563,                 2.2236,                 1.2218,                 1.7216,               0.000199,               0.000199,               0.000199
                    299,                 1.8686,                 0.9398,                 1.6179,                0.87486,                0.74996,                0.82247,                0.56323,                 2.2228,                 1.2215,                 1.7216,               0.000166,               0.000166,               0.000166
                    300,                 1.8543,                0.91809,                 1.6167,                0.87529,                 0.7498,                0.82263,                0.56308,                 2.2219,                 1.2216,                 1.7215,               0.000133,               0.000133,               0.000133
