                  epoch,         train/box_loss,         train/cls_loss,         train/dfl_loss,   metrics/precision(B),      metrics/recall(B),       metrics/mAP50(B),    metrics/mAP50-95(B),           val/box_loss,           val/cls_loss,           val/dfl_loss,                 lr/pg0,                 lr/pg1,                 lr/pg2
                      1,                 3.0322,                 4.0426,                 1.9086,                0.22215,                0.11423,                0.08042,                0.03425,                 4.0868,                 5.5978,                 2.3545,                0.07024,              0.0033067,              0.0033067
                      2,                 2.9614,                 2.3197,                 1.9131,                0.48479,                0.32365,                0.31906,                0.17401,                 3.6578,                 11.162,                 2.1731,               0.040218,              0.0066181,              0.0066181
                      3,                 2.9027,                 2.1866,                 1.9095,                 0.5802,                0.41788,                0.42073,                0.22738,                 3.4243,                 10.205,                 2.0526,               0.010174,              0.0099075,              0.0099075
                      4,                 2.7591,                  1.947,                 1.8695,                0.58603,                 0.4211,                0.41595,                0.21964,                 3.3757,                 7.4142,                 2.0569,               0.009901,               0.009901,               0.009901
                      5,                 2.6349,                 1.7905,                 1.8415,                0.66745,                0.44754,                0.47221,                0.27321,                  3.298,                 9.8779,                 2.0167,               0.009868,               0.009868,               0.009868
                      6,                 2.5602,                 1.6751,                 1.8214,                0.67351,                0.52178,                 0.5563,                0.33232,                 3.0327,                 3.3736,                 1.9335,               0.009835,               0.009835,               0.009835
                      7,                 2.4565,                 1.5671,                  1.803,                0.75382,                0.58664,                0.64035,                0.38777,                 2.9326,                 2.2961,                 1.9069,               0.009802,               0.009802,               0.009802
                      8,                 2.4416,                 1.5472,                  1.793,                0.80016,                0.56889,                0.62334,                0.37915,                 2.9444,                 2.2296,                 1.8911,               0.009769,               0.009769,               0.009769
                      9,                   2.41,                 1.4925,                 1.7842,                0.76135,                0.57134,                 0.6439,                0.38268,                 2.8783,                 2.2973,                  1.895,               0.009736,               0.009736,               0.009736
                     10,                 2.3784,                 1.4683,                 1.7719,                0.76033,                0.58148,                0.64114,                0.37769,                  3.003,                 2.7144,                 1.8954,               0.009703,               0.009703,               0.009703
                     11,                 2.3569,                 1.4373,                 1.7703,                 0.8164,                0.55502,                0.64621,                0.38656,                 2.9697,                  2.168,                 1.9187,                0.00967,                0.00967,                0.00967
                     12,                 2.3141,                 1.3651,                 1.7587,                 0.8056,                0.58051,                0.63629,                0.39826,                 2.8348,                  2.375,                 1.8787,               0.009637,               0.009637,               0.009637
                     13,                 2.2827,                  1.339,                 1.7547,                0.77982,                0.62278,                0.68271,                0.42941,                 2.7327,                  1.891,                 1.8586,               0.009604,               0.009604,               0.009604
                     14,                 2.2769,                 1.3415,                 1.7497,                0.77245,                0.60794,                0.67257,                0.40936,                 2.8139,                 1.9847,                 1.8735,               0.009571,               0.009571,               0.009571
                     15,                 2.2326,                 1.2948,                 1.7424,                0.80864,                0.62117,                0.69539,                0.43344,                 2.7781,                 1.8532,                 1.8702,               0.009538,               0.009538,               0.009538
                     16,                 2.2276,                 1.2771,                  1.749,                 0.7904,                0.59729,                0.66546,                0.40855,                  2.886,                 2.0514,                  1.906,               0.009505,               0.009505,               0.009505
                     17,                 2.2022,                 1.2574,                 1.7349,                0.78269,                0.59245,                0.66764,                0.41851,                 2.8079,                 2.7506,                 1.8627,               0.009472,               0.009472,               0.009472
                     18,                 2.1614,                 1.2412,                 1.7255,                0.80226,                0.65589,                0.71193,                0.44069,                 2.7943,                  1.814,                 1.8678,               0.009439,               0.009439,               0.009439
                     19,                 2.1607,                 1.2246,                 1.7285,                0.79186,                0.60697,                0.68391,                0.42864,                 2.8565,                 1.9597,                 1.8714,               0.009406,               0.009406,               0.009406
                     20,                 2.1474,                 1.2213,                 1.7258,                0.82688,                0.61084,                0.70015,                0.43999,                 2.7592,                 1.8296,                 1.8527,               0.009373,               0.009373,               0.009373
                     21,                 2.1077,                 1.1796,                 1.7189,                0.82225,                0.61375,                0.68717,                0.42919,                   2.76,                 1.9815,                  1.857,                0.00934,                0.00934,                0.00934
                     22,                 2.1227,                 1.1902,                 1.7254,                0.84007,                0.63085,                0.71433,                0.44726,                 2.7301,                 1.7978,                 1.8534,               0.009307,               0.009307,               0.009307
                     23,                 2.1344,                 1.1923,                  1.721,                0.81693,                0.62063,                 0.7001,                0.42715,                 2.8092,                 1.8246,                 1.8863,               0.009274,               0.009274,               0.009274
                     24,                 2.0907,                 1.1543,                 1.7136,                0.83813,                0.62181,                0.71079,                0.45851,                 2.6532,                 1.8661,                 1.8321,               0.009241,               0.009241,               0.009241
                     25,                 2.1081,                 1.1616,                 1.7186,                0.82667,                0.62278,                0.71453,                 0.4479,                  2.856,                 1.9358,                 1.8887,               0.009208,               0.009208,               0.009208
                     26,                 2.0665,                 1.1515,                 1.7144,                0.82771,                0.65247,                0.72718,                0.45628,                 2.6935,                  1.754,                 1.8453,               0.009175,               0.009175,               0.009175
                     27,                 2.0861,                  1.139,                 1.7142,                0.80801,                0.62859,                0.69903,                 0.4518,                 2.6424,                 1.9262,                 1.8358,               0.009142,               0.009142,               0.009142
                     28,                 2.0701,                 1.1478,                 1.7106,                0.83602,                0.63666,                0.70895,                0.44792,                 2.7022,                 1.8802,                 1.8402,               0.009109,               0.009109,               0.009109
                     29,                  2.051,                 1.1207,                 1.7012,                 0.8571,                0.65473,                0.74544,                0.47624,                 2.6683,                 1.6673,                 1.8411,               0.009076,               0.009076,               0.009076
                     30,                 2.0523,                 1.1198,                 1.7019,                0.85524,                 0.6657,                0.75208,                0.47889,                 2.6132,                 1.6508,                 1.8288,               0.009043,               0.009043,               0.009043
                     31,                 2.0215,                 1.1009,                 1.6954,                0.83668,                0.66893,                0.74528,                0.46562,                 2.6884,                 1.6596,                 1.8426,                0.00901,                0.00901,                0.00901
                     32,                 2.0143,                 1.1025,                 1.6935,                0.81048,                0.65311,                0.72539,                0.46612,                 2.6434,                 1.7065,                 1.8359,               0.008977,               0.008977,               0.008977
                     33,                 2.0107,                 1.0825,                 1.6934,                0.85308,                0.64731,                0.73627,                0.47266,                 2.6433,                 1.7609,                  1.833,               0.008944,               0.008944,               0.008944
                     34,                  1.996,                 1.0715,                 1.6928,                0.84139,                 0.6373,                0.71433,                0.45133,                 2.6971,                 1.8885,                  1.865,               0.008911,               0.008911,               0.008911
                     35,                 1.9695,                 1.0693,                 1.6892,                0.84341,                0.65349,                0.73001,                0.46236,                 2.6848,                 1.7788,                 1.8461,               0.008878,               0.008878,               0.008878
                     36,                 2.0019,                 1.0568,                 1.6925,                 0.8344,                0.66183,                0.74382,                0.47285,                 2.6702,                 1.6315,                 1.8481,               0.008845,               0.008845,               0.008845
                     37,                 1.9587,                  1.042,                 1.6888,                0.84498,                0.66488,                0.74433,                0.47411,                  2.637,                 1.6839,                 1.8374,               0.008812,               0.008812,               0.008812
                     38,                 1.9666,                 1.0588,                 1.6848,                0.83611,                0.66409,                0.73883,                0.47566,                 2.6086,                 1.6439,                 1.8357,               0.008779,               0.008779,               0.008779
                     39,                 1.9641,                 1.0442,                 1.6885,                0.83629,                0.67538,                0.74937,                0.48253,                 2.5912,                 1.5918,                 1.8294,               0.008746,               0.008746,               0.008746
                     40,                 1.9529,                 1.0386,                 1.6869,                0.86016,                0.66796,                0.75039,                0.47255,                 2.6706,                 1.6713,                 1.8542,               0.008713,               0.008713,               0.008713
                     41,                 1.9295,                 1.0202,                 1.6839,                0.85047,                0.67538,                0.75428,                0.48326,                 2.6085,                 1.6056,                 1.8291,                0.00868,                0.00868,                0.00868
                     42,                 1.9243,                 1.0272,                 1.6788,                 0.8543,                0.66219,                0.74588,                 0.4756,                 2.6476,                 1.7058,                 1.8333,               0.008647,               0.008647,               0.008647
                     43,                 1.9078,                  1.002,                 1.6823,                0.86098,                0.68183,                0.76076,                0.48825,                 2.5705,                 1.5598,                 1.8213,               0.008614,               0.008614,               0.008614
                     44,                 1.9017,                0.99783,                 1.6768,                0.83675,                0.66538,                0.73686,                0.47766,                 2.5265,                 1.7463,                 1.8004,               0.008581,               0.008581,               0.008581
                     45,                  1.916,                  1.009,                 1.6738,                 0.8475,                0.66473,                0.74922,                0.47283,                 2.6547,                 1.6053,                 1.8486,               0.008548,               0.008548,               0.008548
                     46,                  1.882,                0.98634,                 1.6733,                0.84599,                0.67247,                0.75221,                0.48254,                 2.5859,                 1.6333,                  1.815,               0.008515,               0.008515,               0.008515
                     47,                  1.905,                0.99473,                 1.6728,                0.84062,                0.66887,                0.75129,                0.47417,                 2.6355,                 1.6247,                 1.8303,               0.008482,               0.008482,               0.008482
                     48,                 1.8589,                0.97119,                 1.6717,                0.83569,                0.69587,                0.76257,                0.48662,                 2.5761,                 1.5521,                 1.8297,               0.008449,               0.008449,               0.008449
                     49,                 1.8613,                0.98931,                 1.6726,                0.85203,                 0.6799,                0.75561,                0.48947,                 2.5562,                 1.5646,                 1.8207,               0.008416,               0.008416,               0.008416
                     50,                 1.8616,                0.96536,                 1.6628,                0.84056,                0.68054,                0.75369,                0.48347,                 2.5659,                 1.6261,                 1.8251,               0.008383,               0.008383,               0.008383
                     51,                 1.8395,                 0.9559,                 1.6721,                0.83753,                0.69365,                0.75808,                0.48568,                 2.5962,                 1.5593,                 1.8211,                0.00835,                0.00835,                0.00835
                     52,                 1.8405,                0.96846,                 1.6682,                0.87012,                0.65731,                0.75552,                0.48449,                  2.572,                 1.5977,                 1.8205,               0.008317,               0.008317,               0.008317
                     53,                 1.8369,                0.96906,                 1.6679,                0.84612,                0.67312,                0.75536,                0.48424,                 2.5775,                 1.5787,                   1.83,               0.008284,               0.008284,               0.008284
                     54,                 1.8171,                 0.9491,                 1.6641,                 0.8459,                 0.6802,                0.75842,                0.48843,                 2.5871,                 1.5257,                 1.8276,               0.008251,               0.008251,               0.008251
                     55,                 1.8147,                0.94758,                 1.6599,                0.86091,                0.68312,                0.76304,                  0.491,                 2.5782,                 1.5321,                 1.8197,               0.008218,               0.008218,               0.008218
                     56,                  1.812,                0.95227,                 1.6637,                0.85297,                0.69635,                0.77774,                0.49963,                 2.5362,                 1.4611,                   1.81,               0.008185,               0.008185,               0.008185
                     57,                  1.786,                0.92171,                 1.6581,                0.84477,                0.69894,                0.76878,                0.49493,                 2.5604,                 1.4831,                 1.8229,               0.008152,               0.008152,               0.008152
                     58,                 1.7828,                0.91654,                 1.6557,                0.85072,                0.70184,                0.77269,                0.49552,                 2.5786,                 1.4811,                 1.8319,               0.008119,               0.008119,               0.008119
                     59,                 1.7857,                0.93914,                 1.6619,                0.84556,                0.69377,                0.76699,                0.48508,                 2.6101,                 1.5412,                 1.8396,               0.008086,               0.008086,               0.008086
                     60,                 1.7746,                0.91681,                 1.6528,                0.86071,                0.69087,                0.77172,                0.49744,                 2.5484,                 1.5292,                 1.8224,               0.008053,               0.008053,               0.008053
                     61,                 1.7602,                0.90736,                 1.6555,                0.83993,                0.70765,                0.77287,                0.49197,                  2.592,                  1.486,                 1.8339,                0.00802,                0.00802,                0.00802
                     62,                 1.7462,                0.90508,                 1.6526,                0.88257,                0.68151,                0.77666,                0.50175,                 2.5444,                  1.472,                  1.819,               0.007987,               0.007987,               0.007987
                     63,                 1.7489,                 0.9027,                 1.6532,                0.86562,                0.69442,                0.77342,                0.49324,                 2.5644,                 1.4755,                 1.8286,               0.007954,               0.007954,               0.007954
                     64,                 1.7319,                0.89463,                 1.6504,                0.86381,                 0.6828,                0.77382,                0.49982,                 2.5553,                 1.4952,                 1.8223,               0.007921,               0.007921,               0.007921
                     65,                 1.7458,                0.90177,                 1.6532,                0.84495,                0.70023,                0.76981,                0.49811,                 2.5257,                 1.4726,                 1.8182,               0.007888,               0.007888,               0.007888
                     66,                  1.725,                0.88361,                 1.6445,                0.83382,                0.72281,                0.77561,                0.49697,                  2.552,                 1.4529,                 1.8241,               0.007855,               0.007855,               0.007855
                     67,                 1.7089,                0.88919,                 1.6536,                0.84781,                0.71003,                0.77391,                0.49984,                  2.538,                 1.4648,                 1.8225,               0.007822,               0.007822,               0.007822
                     68,                 1.7233,                0.87774,                 1.6495,                0.85436,                0.70055,                 0.7773,                 0.5024,                 2.5373,                 1.4563,                 1.8166,               0.007789,               0.007789,               0.007789
                     69,                  1.701,                 0.8882,                 1.6484,                0.85901,                0.70248,                0.77848,                0.50313,                 2.5356,                 1.4542,                 1.8183,               0.007756,               0.007756,               0.007756
                     70,                 1.7079,                0.88612,                 1.6446,                0.84427,                0.72023,                0.78063,                0.50266,                 2.5461,                 1.4387,                 1.8254,               0.007723,               0.007723,               0.007723
                     71,                 1.6973,                0.88058,                 1.6486,                0.84784,                0.70122,                0.77469,                0.50377,                 2.5184,                 1.4791,                 1.8167,                0.00769,                0.00769,                0.00769
                     72,                 1.6849,                 0.8685,                 1.6428,                0.85927,                0.70442,                0.77765,                0.49798,                  2.553,                 1.4472,                 1.8227,               0.007657,               0.007657,               0.007657
                     73,                 1.6891,                0.87468,                 1.6432,                0.85938,                 0.7001,                0.77479,                0.50523,                    2.5,                 1.4853,                 1.8091,               0.007624,               0.007624,               0.007624
                     74,                 1.6838,                0.86226,                 1.6419,                0.84718,                0.71555,                0.78045,                0.50573,                 2.5081,                 1.4443,                 1.8055,               0.007591,               0.007591,               0.007591
                     75,                 1.6684,                0.85498,                 1.6427,                0.84914,                0.71563,                0.77976,                0.50702,                 2.5006,                 1.4406,                 1.8074,               0.007558,               0.007558,               0.007558
                     76,                 1.6528,                0.84954,                  1.639,                0.86078,                0.71442,                0.78277,                 0.5069,                 2.5192,                 1.4448,                 1.8138,               0.007525,               0.007525,               0.007525
                     77,                  1.657,                0.85922,                 1.6406,                0.85837,                0.70636,                0.78408,                0.50629,                  2.518,                 1.4332,                 1.8151,               0.007492,               0.007492,               0.007492
                     78,                 1.6456,                0.84976,                 1.6394,                0.85341,                0.71574,                0.78243,                0.50592,                 2.5134,                 1.4335,                 1.8137,               0.007459,               0.007459,               0.007459
                     79,                 1.6509,                0.85269,                  1.637,                0.85339,                0.70926,                0.78126,                0.50411,                 2.5433,                 1.4328,                 1.8296,               0.007426,               0.007426,               0.007426
                     80,                 1.6434,                0.84337,                 1.6373,                0.84351,                0.71668,                0.77822,                0.50229,                 2.5303,                  1.434,                 1.8266,               0.007393,               0.007393,               0.007393
                     81,                 1.6273,                0.83713,                 1.6357,                0.84724,                0.71764,                0.78099,                0.50518,                 2.5153,                 1.4314,                 1.8224,                0.00736,                0.00736,                0.00736
                     82,                 1.6269,                0.83609,                 1.6346,                0.84187,                0.71637,                0.77813,                 0.5062,                 2.5018,                 1.4403,                 1.8178,               0.007327,               0.007327,               0.007327
                     83,                 1.6307,                0.83948,                 1.6411,                0.84515,                0.71959,                0.77991,                0.50351,                 2.5208,                 1.4368,                 1.8237,               0.007294,               0.007294,               0.007294
                     84,                 1.6267,                0.83771,                  1.639,                0.84842,                0.70474,                0.78157,                0.50527,                 2.5268,                 1.4322,                 1.8255,               0.007261,               0.007261,               0.007261
                     85,                 1.6218,                0.83093,                 1.6353,                  0.858,                0.70579,                0.78189,                0.50426,                 2.5305,                  1.428,                 1.8244,               0.007228,               0.007228,               0.007228
                     86,                 1.6116,                0.82103,                 1.6371,                0.85936,                0.70474,                 0.7813,                0.50244,                 2.5331,                 1.4331,                 1.8231,               0.007195,               0.007195,               0.007195
                     87,                 1.5948,                0.81846,                 1.6336,                0.85634,                0.71361,                0.78374,                0.50403,                  2.523,                 1.4184,                 1.8189,               0.007162,               0.007162,               0.007162
                     88,                 1.5914,                0.81655,                  1.634,                0.85568,                0.71378,                0.78415,                0.50855,                 2.5071,                 1.4138,                 1.8152,               0.007129,               0.007129,               0.007129
                     89,                 1.5872,                0.80812,                 1.6282,                0.84645,                0.71442,                0.78295,                0.50569,                 2.5139,                 1.4145,                 1.8179,               0.007096,               0.007096,               0.007096
                     90,                 1.5838,                0.80211,                 1.6288,                0.84822,                0.71507,                0.78578,                  0.507,                 2.5092,                 1.4101,                 1.8172,               0.007063,               0.007063,               0.007063
                     91,                  1.593,                0.81347,                 1.6273,                0.85745,                0.71475,                0.78809,                0.50855,                 2.5078,                 1.4001,                 1.8177,                0.00703,                0.00703,                0.00703
                     92,                 1.5881,                0.81742,                 1.6292,                 0.8525,                0.72173,                0.78943,                0.50892,                 2.4966,                 1.3949,                 1.8135,               0.006997,               0.006997,               0.006997
                     93,                 1.5728,                0.79959,                 1.6285,                0.85209,                 0.7231,                0.79043,                0.50989,                 2.4893,                 1.3922,                 1.8113,               0.006964,               0.006964,               0.006964
                     94,                 1.5527,                0.79185,                 1.6244,                0.85339,                0.71797,                0.78925,                0.51023,                 2.4923,                 1.3955,                 1.8126,               0.006931,               0.006931,               0.006931
                     95,                 1.5642,                0.79784,                 1.6268,                0.86021,                0.71281,                0.78881,                0.51058,                 2.4821,                 1.3999,                  1.809,               0.006898,               0.006898,               0.006898
                     96,                 1.5641,                0.80511,                 1.6338,                 0.8503,                0.71663,                0.78888,                0.51336,                  2.471,                 1.3923,                 1.8044,               0.006865,               0.006865,               0.006865
                     97,                 1.5604,                0.80128,                 1.6285,                0.87611,                0.70052,                0.78934,                0.51324,                 2.4745,                 1.3859,                 1.8063,               0.006832,               0.006832,               0.006832
                     98,                 1.5351,                0.78017,                 1.6234,                0.87745,                0.70004,                0.78895,                0.51365,                 2.4741,                 1.3895,                 1.8067,               0.006799,               0.006799,               0.006799
                     99,                  1.551,                0.79946,                 1.6262,                0.87526,                0.69733,                0.78855,                0.51417,                 2.4631,                 1.3952,                 1.8052,               0.006766,               0.006766,               0.006766
                    100,                 1.5444,                0.79846,                  1.627,                0.84714,                0.71442,                0.79087,                0.51511,                 2.4632,                 1.3908,                 1.8062,               0.006733,               0.006733,               0.006733
                    101,                 1.5377,                0.77872,                 1.6281,                0.87114,                0.70462,                0.79059,                0.51573,                 2.4536,                 1.4033,                 1.8019,                 0.0067,                 0.0067,                 0.0067
                    102,                 1.5292,                0.77427,                 1.6252,                0.87037,                0.70474,                0.78867,                0.51431,                 2.4567,                 1.4046,                  1.803,               0.006667,               0.006667,               0.006667
                    103,                 1.5308,                 0.7855,                 1.6252,                0.86891,                 0.7101,                0.78928,                0.51378,                 2.4587,                 1.4032,                 1.8037,               0.006634,               0.006634,               0.006634
                    104,                 1.5407,                0.78921,                 1.6254,                0.86836,                0.70455,                0.78931,                0.51373,                 2.4587,                   1.41,                 1.8054,               0.006601,               0.006601,               0.006601
                    105,                 1.5347,                0.77758,                 1.6251,                0.86657,                0.70797,                  0.789,                0.51391,                   2.46,                 1.4086,                  1.806,               0.006568,               0.006568,               0.006568
                    106,                  1.531,                0.77678,                 1.6289,                0.86594,                0.70926,                0.79013,                0.51488,                 2.4562,                 1.4045,                 1.8055,               0.006535,               0.006535,               0.006535
                    107,                 1.5126,                0.78538,                 1.6258,                0.86224,                0.71055,                0.78965,                0.51543,                 2.4556,                 1.4017,                 1.8067,               0.006502,               0.006502,               0.006502
                    108,                 1.5274,                0.78192,                 1.6265,                0.86764,                0.70859,                0.78925,                0.51397,                 2.4591,                 1.4022,                 1.8084,               0.006469,               0.006469,               0.006469
                    109,                 1.5302,                0.77887,                 1.6232,                0.86806,                 0.7133,                0.79033,                0.51548,                 2.4558,                 1.3945,                  1.807,               0.006436,               0.006436,               0.006436
                    110,                 1.5253,                0.78064,                 1.6235,                0.86801,                0.71313,                0.79069,                0.51583,                 2.4537,                 1.3907,                  1.807,               0.006403,               0.006403,               0.006403
                    111,                 1.5065,                0.76315,                 1.6185,                0.86279,                0.71475,                 0.7911,                0.51613,                 2.4505,                 1.3888,                 1.8071,                0.00637,                0.00637,                0.00637
                    112,                 1.5254,                0.77787,                 1.6234,                0.86076,                0.71668,                0.79182,                0.51656,                 2.4471,                 1.3855,                 1.8067,               0.006337,               0.006337,               0.006337
                    113,                 1.4982,                0.75327,                 1.6226,                0.87174,                0.70841,                0.79246,                0.51703,                 2.4523,                 1.3851,                 1.8093,               0.006304,               0.006304,               0.006304
                    114,                 1.4899,                0.76889,                 1.6232,                0.86963,                0.70958,                0.79213,                0.51747,                  2.449,                 1.3868,                 1.8079,               0.006271,               0.006271,               0.006271
                    115,                 1.5024,                0.76206,                 1.6214,                0.85684,                0.71475,                0.79145,                0.51717,                 2.4491,                 1.3867,                 1.8076,               0.006238,               0.006238,               0.006238
                    116,                 1.4927,                0.76117,                 1.6215,                0.86339,                0.71249,                0.79149,                0.51787,                 2.4479,                 1.3849,                  1.807,               0.006205,               0.006205,               0.006205
                    117,                 1.5115,                0.77007,                 1.6283,                0.86759,                0.70894,                0.79052,                0.51723,                 2.4456,                 1.3879,                 1.8055,               0.006172,               0.006172,               0.006172
                    118,                  1.486,                0.74929,                   1.62,                0.86957,                0.70777,                0.79006,                0.51671,                 2.4469,                  1.388,                 1.8057,               0.006139,               0.006139,               0.006139
                    119,                 1.4877,                0.74707,                 1.6202,                0.85946,                0.71435,                0.79168,                0.51779,                 2.4463,                 1.3827,                 1.8057,               0.006106,               0.006106,               0.006106
                    120,                 1.4842,                0.75483,                 1.6224,                0.86096,                0.71734,                0.79222,                0.51865,                 2.4476,                 1.3845,                 1.8056,               0.006073,               0.006073,               0.006073
                    121,                 1.4766,                0.75865,                 1.6156,                0.85952,                0.71669,                0.79194,                0.51836,                 2.4464,                 1.3849,                 1.8053,                0.00604,                0.00604,                0.00604
                    122,                 1.4906,                 0.7568,                 1.6198,                0.85699,                 0.7183,                0.79236,                0.51859,                 2.4456,                 1.3838,                 1.8052,               0.006007,               0.006007,               0.006007
                    123,                 1.4631,                0.74074,                 1.6139,                0.85741,                0.71985,                0.79282,                0.51842,                  2.447,                 1.3789,                 1.8056,               0.005974,               0.005974,               0.005974
                    124,                  1.459,                0.75043,                 1.6157,                 0.8598,                 0.7183,                 0.7928,                0.51819,                 2.4484,                 1.3744,                 1.8058,               0.005941,               0.005941,               0.005941
                    125,                 1.4663,                0.74934,                 1.6202,                0.85702,                0.72088,                0.79239,                0.51747,                 2.4487,                 1.3735,                  1.806,               0.005908,               0.005908,               0.005908
                    126,                 1.4683,                0.73175,                 1.6176,                0.86211,                 0.7182,                0.79282,                0.51711,                 2.4497,                 1.3763,                  1.806,               0.005875,               0.005875,               0.005875
                    127,                 1.4631,                0.73975,                 1.6144,                0.85593,                0.72475,                0.79277,                0.51709,                 2.4496,                 1.3735,                 1.8054,               0.005842,               0.005842,               0.005842
                    128,                 1.4464,                0.73504,                 1.6204,                0.85887,                0.72314,                0.79277,                0.51741,                 2.4472,                 1.3731,                 1.8054,               0.005809,               0.005809,               0.005809
                    129,                  1.451,                0.72806,                 1.6165,                0.85615,                0.72597,                0.79316,                0.51758,                 2.4474,                 1.3714,                 1.8053,               0.005776,               0.005776,               0.005776
                    130,                 1.4285,                 0.7198,                 1.6126,                0.85888,                0.72314,                 0.7934,                0.51762,                 2.4473,                 1.3719,                 1.8056,               0.005743,               0.005743,               0.005743
                    131,                 1.4532,                0.72952,                 1.6181,                0.85944,                0.72018,                0.79326,                0.51773,                 2.4467,                 1.3708,                 1.8054,                0.00571,                0.00571,                0.00571
                    132,                 1.4256,                 0.7318,                 1.6154,                0.85912,                0.72023,                0.79323,                0.51752,                 2.4459,                 1.3682,                 1.8054,               0.005677,               0.005677,               0.005677
                    133,                 1.4419,                0.72867,                 1.6182,                0.85575,                0.72217,                0.79291,                0.51743,                  2.445,                  1.369,                 1.8049,               0.005644,               0.005644,               0.005644
                    134,                 1.4306,                0.73025,                 1.6142,                 0.8542,                0.72281,                0.79261,                0.51756,                 2.4458,                 1.3683,                 1.8046,               0.005611,               0.005611,               0.005611
                    135,                 1.4423,                0.73242,                 1.6144,                0.85674,                0.72152,                0.79331,                0.51823,                 2.4432,                 1.3693,                  1.804,               0.005578,               0.005578,               0.005578
                    136,                 1.4358,                0.72712,                 1.6154,                0.85703,                0.72185,                0.79303,                0.51825,                  2.443,                 1.3696,                 1.8039,               0.005545,               0.005545,               0.005545
                    137,                 1.4391,                0.72814,                 1.6096,                0.85404,                0.72217,                0.79412,                0.51865,                 2.4416,                 1.3684,                 1.8039,               0.005512,               0.005512,               0.005512
                    138,                 1.4319,                0.72132,                 1.6134,                0.85243,                0.72323,                0.79396,                0.51858,                 2.4414,                 1.3686,                 1.8039,               0.005479,               0.005479,               0.005479
                    139,                 1.4348,                0.72568,                 1.6163,                0.85448,                0.72314,                0.79431,                0.51859,                 2.4409,                 1.3688,                 1.8034,               0.005446,               0.005446,               0.005446
                    140,                 1.4304,                0.72475,                 1.6108,                0.85222,                0.72378,                0.79446,                0.51888,                 2.4394,                 1.3687,                 1.8031,               0.005413,               0.005413,               0.005413
                    141,                 1.4141,                 0.7168,                  1.613,                0.85205,                0.72346,                0.79409,                0.51871,                 2.4398,                 1.3663,                  1.803,                0.00538,                0.00538,                0.00538
                    142,                 1.4158,                0.71155,                 1.6141,                0.85171,                0.72466,                0.79429,                 0.5191,                 2.4395,                 1.3639,                 1.8029,               0.005347,               0.005347,               0.005347
                    143,                  1.426,                0.71999,                 1.6114,                0.85233,                0.72634,                0.79536,                 0.5193,                 2.4374,                 1.3621,                 1.8027,               0.005314,               0.005314,               0.005314
                    144,                 1.4134,                0.71579,                 1.6092,                0.85202,                0.72701,                 0.7958,                0.51942,                 2.4377,                 1.3588,                 1.8033,               0.005281,               0.005281,               0.005281
                    145,                 1.3965,                0.71086,                 1.6096,                0.85214,                0.72701,                 0.7962,                0.51987,                 2.4351,                  1.358,                 1.8029,               0.005248,               0.005248,               0.005248
                    146,                 1.4046,                0.70824,                 1.6101,                0.85065,                0.72798,                0.79595,                0.51977,                 2.4365,                 1.3568,                  1.803,               0.005215,               0.005215,               0.005215
                    147,                 1.4064,                0.71253,                 1.6127,                 0.8489,                0.72894,                0.79662,                0.52028,                 2.4356,                 1.3577,                 1.8031,               0.005182,               0.005182,               0.005182
                    148,                 1.4129,                0.71481,                 1.6092,                0.84775,                0.72947,                0.79701,                0.52019,                 2.4367,                 1.3572,                  1.803,               0.005149,               0.005149,               0.005149
                    149,                 1.4031,                0.69987,                 1.6073,                0.84607,                0.73072,                0.79639,                0.52054,                 2.4358,                 1.3561,                 1.8033,               0.005116,               0.005116,               0.005116
                    150,                 1.3853,                0.70584,                 1.6057,                 0.8458,                0.73097,                0.79671,                0.52037,                 2.4347,                 1.3565,                 1.8032,               0.005083,               0.005083,               0.005083
                    151,                 1.3866,                0.70517,                 1.6112,                0.84478,                0.73249,                0.79663,                0.52031,                 2.4344,                 1.3563,                  1.803,                0.00505,                0.00505,                0.00505
                    152,                 1.3894,                0.69782,                 1.6092,                0.84559,                0.73334,                0.79688,                0.52035,                  2.435,                 1.3555,                 1.8029,               0.005017,               0.005017,               0.005017
                    153,                 1.3821,                0.69239,                 1.6088,                0.84366,                0.73484,                0.79708,                 0.5209,                 2.4335,                 1.3548,                 1.8031,               0.004984,               0.004984,               0.004984
                    154,                 1.3865,                 0.7035,                 1.6075,                 0.8433,                0.73637,                0.79732,                0.52109,                 2.4336,                 1.3542,                 1.8029,               0.004951,               0.004951,               0.004951
                    155,                 1.3845,                0.70033,                 1.6064,                0.84461,                0.73637,                0.79806,                0.52168,                 2.4337,                  1.354,                 1.8031,               0.004918,               0.004918,               0.004918
                    156,                 1.3774,                0.69333,                 1.6059,                0.84402,                0.73682,                0.79826,                0.52257,                 2.4327,                 1.3534,                 1.8028,               0.004885,               0.004885,               0.004885
                    157,                 1.3672,                0.69473,                 1.6061,                0.84469,                0.73637,                0.79848,                0.52254,                 2.4331,                 1.3528,                 1.8029,               0.004852,               0.004852,               0.004852
                    158,                 1.3844,                0.69681,                 1.6121,                0.84439,                 0.7354,                0.79841,                0.52275,                 2.4333,                 1.3526,                 1.8027,               0.004819,               0.004819,               0.004819
                    159,                 1.3739,                0.68779,                 1.6077,                0.84488,                0.73604,                0.79842,                0.52241,                 2.4335,                 1.3531,                 1.8029,               0.004786,               0.004786,               0.004786
                    160,                 1.3753,                0.69051,                 1.6062,                0.84646,                0.73572,                0.79869,                0.52274,                 2.4317,                 1.3543,                 1.8025,               0.004753,               0.004753,               0.004753
                    161,                 1.3663,                0.68187,                 1.6061,                0.84737,                0.73451,                0.79867,                0.52284,                  2.432,                 1.3531,                 1.8027,                0.00472,                0.00472,                0.00472
                    162,                 1.3691,                0.68071,                 1.6109,                0.84886,                0.73443,                0.79868,                 0.5231,                 2.4318,                 1.3518,                 1.8028,               0.004687,               0.004687,               0.004687
                    163,                 1.3852,                0.70163,                 1.6082,                0.84779,                0.73507,                0.79799,                0.52271,                 2.4309,                  1.352,                 1.8023,               0.004654,               0.004654,               0.004654
                    164,                  1.368,                0.68921,                 1.6035,                0.84811,                0.73443,                0.79861,                 0.5229,                 2.4317,                 1.3523,                 1.8025,               0.004621,               0.004621,               0.004621
                    165,                 1.3598,                0.68162,                 1.6027,                0.84723,                0.73443,                0.79832,                0.52293,                 2.4309,                  1.351,                 1.8024,               0.004588,               0.004588,               0.004588
                    166,                 1.3558,                0.67961,                 1.6057,                0.84583,                0.73572,                0.79904,                0.52308,                 2.4304,                 1.3503,                 1.8023,               0.004555,               0.004555,               0.004555
                    167,                 1.3552,                0.68029,                 1.6066,                 0.8463,                0.73558,                0.79873,                0.52304,                 2.4318,                 1.3496,                 1.8023,               0.004522,               0.004522,               0.004522
                    168,                  1.353,                0.68028,                 1.6031,                0.84729,                 0.7354,                0.79903,                 0.5231,                 2.4295,                   1.35,                 1.8022,               0.004489,               0.004489,               0.004489
                    169,                 1.3501,                0.68511,                 1.6055,                0.84716,                0.73508,                0.79954,                0.52374,                 2.4314,                 1.3497,                 1.8023,               0.004456,               0.004456,               0.004456
                    170,                 1.3529,                0.67223,                   1.61,                0.84669,                0.73701,                0.79953,                0.52382,                 2.4294,                  1.349,                 1.8021,               0.004423,               0.004423,               0.004423
                    171,                 1.3352,                0.66895,                 1.6055,                0.84816,                 0.7354,                0.79996,                0.52412,                 2.4302,                 1.3464,                 1.8021,                0.00439,                0.00439,                0.00439
                    172,                 1.3546,                0.68778,                 1.6034,                0.85461,                0.73088,                0.80045,                0.52466,                 2.4293,                 1.3464,                 1.8019,               0.004357,               0.004357,               0.004357
                    173,                 1.3364,                0.67103,                 1.6047,                0.85784,                0.73019,                 0.8004,                0.52481,                 2.4288,                 1.3449,                 1.8019,               0.004324,               0.004324,               0.004324
                    174,                 1.3476,                0.67982,                 1.6037,                0.85467,                0.73024,                0.80062,                0.52465,                 2.4294,                 1.3457,                 1.8019,               0.004291,               0.004291,               0.004291
                    175,                   1.33,                0.67469,                 1.6003,                0.85479,                0.73088,                0.80109,                0.52492,                 2.4291,                 1.3448,                 1.8019,               0.004258,               0.004258,               0.004258
                    176,                 1.3403,                0.67026,                 1.6071,                0.85709,                0.73056,                0.80129,                0.52541,                 2.4284,                 1.3442,                  1.802,               0.004225,               0.004225,               0.004225
                    177,                 1.3295,                0.66976,                 1.6013,                 0.8524,                0.73217,                0.80129,                0.52545,                 2.4272,                 1.3443,                 1.8017,               0.004192,               0.004192,               0.004192
                    178,                 1.3385,                0.67033,                  1.603,                0.85353,                0.73185,                0.80146,                0.52573,                 2.4275,                 1.3437,                 1.8018,               0.004159,               0.004159,               0.004159
                    179,                 1.3354,                0.66614,                 1.6027,                0.85479,                 0.7313,                0.80117,                0.52568,                 2.4278,                 1.3434,                 1.8019,               0.004126,               0.004126,               0.004126
                    180,                 1.3425,                0.66997,                 1.5991,                0.85554,                0.73002,                 0.8013,                0.52602,                 2.4271,                 1.3434,                 1.8018,               0.004093,               0.004093,               0.004093
                    181,                 1.3319,                0.66513,                 1.6046,                0.85676,                0.73024,                0.80119,                0.52606,                 2.4269,                 1.3436,                 1.8019,                0.00406,                0.00406,                0.00406
                    182,                 1.3258,                 0.6664,                 1.6037,                0.85633,                0.73086,                 0.8012,                0.52602,                 2.4269,                 1.3438,                 1.8017,               0.004027,               0.004027,               0.004027
                    183,                 1.3268,                 0.6558,                 1.5999,                0.85467,                0.73252,                0.80172,                0.52613,                 2.4274,                 1.3424,                 1.8014,               0.003994,               0.003994,               0.003994
                    184,                 1.3211,                0.65599,                 1.5987,                0.85795,                 0.7328,                0.80164,                0.52605,                 2.4268,                 1.3422,                 1.8014,               0.003961,               0.003961,               0.003961
                    185,                 1.3115,                0.65341,                 1.6034,                0.85759,                0.73067,                0.80184,                0.52611,                 2.4276,                 1.3419,                 1.8013,               0.003928,               0.003928,               0.003928
                    186,                 1.3294,                0.66782,                 1.6021,                0.85633,                 0.7328,                 0.8015,                0.52636,                 2.4272,                 1.3407,                 1.8012,               0.003895,               0.003895,               0.003895
                    187,                 1.3156,                0.65221,                 1.6014,                 0.8581,                0.73173,                0.80245,                 0.5267,                  2.427,                  1.339,                 1.8012,               0.003862,               0.003862,               0.003862
                    188,                 1.3131,                0.65648,                 1.6008,                0.85783,                0.73185,                0.80257,                0.52714,                  2.427,                 1.3388,                  1.801,               0.003829,               0.003829,               0.003829
                    189,                 1.3011,                 0.6587,                 1.5999,                0.85933,                0.73153,                0.80288,                0.52729,                  2.426,                 1.3379,                 1.8009,               0.003796,               0.003796,               0.003796
                    190,                 1.3095,                0.65046,                 1.5977,                0.85826,                0.73249,                 0.8028,                0.52726,                 2.4276,                 1.3377,                 1.8011,               0.003763,               0.003763,               0.003763
                    191,                  1.303,                0.65545,                 1.5996,                0.85797,                0.73346,                 0.8026,                0.52693,                 2.4279,                 1.3377,                 1.8014,                0.00373,                0.00373,                0.00373
                    192,                 1.3067,                0.65059,                 1.6015,                 0.8585,                0.73314,                0.80231,                0.52724,                  2.427,                 1.3382,                 1.8012,               0.003697,               0.003697,               0.003697
                    193,                 1.3156,                0.65894,                 1.6013,                0.85776,                0.73556,                0.80249,                0.52714,                 2.4265,                 1.3354,                 1.8013,               0.003664,               0.003664,               0.003664
                    194,                 1.2874,                0.64692,                 1.6003,                0.85946,                0.73407,                0.80235,                 0.5265,                  2.427,                 1.3356,                 1.8012,               0.003631,               0.003631,               0.003631
                    195,                   1.29,                0.64256,                 1.6016,                0.85822,                 0.7354,                0.80179,                0.52677,                 2.4258,                 1.3352,                 1.8012,               0.003598,               0.003598,               0.003598
                    196,                 1.2958,                0.64759,                  1.597,                0.85641,                0.73637,                 0.8018,                0.52697,                 2.4262,                 1.3352,                 1.8014,               0.003565,               0.003565,               0.003565
                    197,                 1.2953,                0.64631,                  1.595,                0.85687,                0.73733,                0.80214,                0.52712,                 2.4266,                 1.3349,                 1.8014,               0.003532,               0.003532,               0.003532
                    198,                 1.2946,                0.65345,                 1.5986,                0.85575,                0.73863,                0.80251,                0.52712,                 2.4269,                 1.3344,                 1.8014,               0.003499,               0.003499,               0.003499
                    199,                 1.2793,                0.64484,                 1.5989,                0.85387,                0.73959,                0.80235,                0.52725,                 2.4272,                 1.3342,                 1.8015,               0.003466,               0.003466,               0.003466
                    200,                 1.2757,                0.63483,                 1.5926,                0.85647,                0.73959,                0.80249,                0.52708,                 2.4274,                 1.3339,                 1.8015,               0.003433,               0.003433,               0.003433
                    201,                 1.2835,                0.63726,                 1.5965,                0.85416,                0.74024,                0.80267,                0.52718,                 2.4264,                 1.3341,                 1.8015,                 0.0034,                 0.0034,                 0.0034
                    202,                  1.274,                0.63818,                 1.5967,                0.85295,                0.74121,                0.80258,                0.52729,                 2.4267,                 1.3333,                 1.8016,               0.003367,               0.003367,               0.003367
                    203,                 1.2925,                0.64626,                 1.5914,                0.85668,                0.73683,                0.80235,                0.52736,                 2.4272,                 1.3332,                 1.8016,               0.003334,               0.003334,               0.003334
                    204,                 1.2857,                0.64132,                 1.5998,                0.85407,                0.73959,                0.80231,                0.52739,                 2.4265,                 1.3329,                 1.8017,               0.003301,               0.003301,               0.003301
                    205,                 1.2886,                0.64317,                 1.5995,                0.85253,                0.74059,                0.80231,                0.52764,                 2.4267,                 1.3328,                  1.802,               0.003268,               0.003268,               0.003268
                    206,                 1.2688,                0.63734,                 1.5956,                0.85631,                0.73653,                0.80257,                0.52694,                 2.4277,                 1.3335,                  1.802,               0.003235,               0.003235,               0.003235
                    207,                 1.2775,                0.63177,                 1.5951,                0.85544,                0.73572,                 0.8026,                0.52701,                 2.4277,                 1.3337,                 1.8019,               0.003202,               0.003202,               0.003202
                    208,                 1.2761,                0.63102,                 1.5995,                0.85626,                0.73411,                0.80246,                 0.5271,                 2.4278,                 1.3328,                 1.8018,               0.003169,               0.003169,               0.003169
                    209,                  1.267,                0.63001,                 1.5943,                0.85571,                 0.7354,                0.80269,                0.52724,                 2.4278,                 1.3328,                 1.8018,               0.003136,               0.003136,               0.003136
                    210,                 1.2806,                0.64358,                 1.5965,                0.85567,                0.73844,                0.80317,                 0.5276,                 2.4282,                 1.3312,                 1.8018,               0.003103,               0.003103,               0.003103
                    211,                 1.2801,                0.63676,                 1.5994,                0.85616,                0.73563,                0.80328,                0.52774,                 2.4287,                 1.3302,                 1.8019,                0.00307,                0.00307,                0.00307
                    212,                 1.2637,                0.63682,                 1.5988,                0.85451,                0.73536,                0.80347,                0.52773,                 2.4279,                 1.3307,                 1.8017,               0.003037,               0.003037,               0.003037
                    213,                 1.2777,                0.63662,                 1.5954,                0.85509,                0.73501,                0.80338,                0.52759,                 2.4288,                 1.3308,                 1.8019,               0.003004,               0.003004,               0.003004
                    214,                 1.2631,                0.63141,                 1.5936,                0.85442,                0.73572,                0.80342,                0.52816,                 2.4287,                 1.3297,                 1.8019,               0.002971,               0.002971,               0.002971
                    215,                 1.2645,                0.62749,                 1.5954,                0.85288,                0.73704,                0.80363,                 0.5279,                 2.4278,                 1.3295,                 1.8017,               0.002938,               0.002938,               0.002938
                    216,                 1.2657,                0.63171,                 1.5964,                0.85247,                0.73839,                0.80328,                0.52791,                 2.4274,                 1.3296,                 1.8016,               0.002905,               0.002905,               0.002905
                    217,                 1.2495,                0.62031,                 1.5942,                0.85105,                0.73935,                0.80332,                0.52812,                 2.4266,                 1.3293,                 1.8015,               0.002872,               0.002872,               0.002872
                    218,                 1.2514,                0.62485,                 1.5911,                0.85048,                0.74024,                0.80349,                0.52798,                 2.4276,                 1.3287,                 1.8015,               0.002839,               0.002839,               0.002839
                    219,                 1.2568,                0.62419,                 1.5954,                0.85285,                0.73798,                 0.8035,                0.52798,                 2.4269,                 1.3281,                 1.8014,               0.002806,               0.002806,               0.002806
                    220,                 1.2639,                0.62786,                 1.5943,                0.85256,                 0.7383,                0.80359,                0.52832,                 2.4267,                 1.3281,                 1.8012,               0.002773,               0.002773,               0.002773
                    221,                 1.2545,                0.62042,                 1.5982,                0.85249,                 0.7385,                0.80347,                0.52811,                 2.4268,                 1.3272,                 1.8012,                0.00274,                0.00274,                0.00274
                    222,                 1.2548,                0.62156,                 1.5936,                0.85325,                0.73895,                0.80371,                0.52829,                 2.4268,                 1.3271,                 1.8011,               0.002707,               0.002707,               0.002707
                    223,                 1.2437,                0.61898,                 1.5957,                0.85291,                0.73959,                0.80396,                0.52847,                 2.4279,                  1.327,                  1.801,               0.002674,               0.002674,               0.002674
                    224,                 1.2411,                0.61573,                 1.5926,                0.85452,                0.73922,                0.80404,                0.52855,                 2.4274,                 1.3261,                 1.8012,               0.002641,               0.002641,               0.002641
                    225,                 1.2388,                0.61631,                 1.5917,                0.85531,                 0.7383,                 0.8046,                0.52921,                 2.4274,                  1.326,                 1.8012,               0.002608,               0.002608,               0.002608
                    226,                 1.2522,                0.62314,                 1.5926,                0.85531,                 0.7382,                 0.8048,                0.52933,                 2.4272,                 1.3267,                 1.8011,               0.002575,               0.002575,               0.002575
                    227,                 1.2419,                0.61743,                 1.5944,                 0.8559,                0.73798,                0.80455,                0.52951,                 2.4262,                 1.3253,                 1.8012,               0.002542,               0.002542,               0.002542
                    228,                 1.2383,                0.61704,                 1.5923,                0.85468,                0.73823,                0.80464,                0.52936,                 2.4268,                 1.3238,                 1.8012,               0.002509,               0.002509,               0.002509
                    229,                 1.2455,                0.62179,                 1.5886,                0.85305,                0.73992,                0.80462,                0.52915,                 2.4271,                 1.3239,                 1.8014,               0.002476,               0.002476,               0.002476
                    230,                  1.253,                 0.6261,                 1.5929,                0.85179,                0.74024,                0.80509,                0.52905,                 2.4276,                 1.3235,                 1.8015,               0.002443,               0.002443,               0.002443
                    231,                 1.2407,                0.62124,                 1.5958,                 0.8527,                 0.7383,                0.80457,                0.52922,                 2.4282,                 1.3219,                 1.8016,                0.00241,                0.00241,                0.00241
                    232,                 1.2313,                0.61193,                 1.5925,                0.85053,                0.74024,                0.80442,                0.52937,                 2.4281,                 1.3215,                 1.8017,               0.002377,               0.002377,               0.002377
                    233,                 1.2442,                0.62184,                 1.5938,                0.84968,                0.74235,                0.80499,                0.52967,                  2.427,                 1.3216,                 1.8015,               0.002344,               0.002344,               0.002344
                    234,                  1.228,                 0.6131,                 1.5941,                0.84912,                0.74272,                0.80496,                0.52957,                 2.4276,                  1.321,                 1.8015,               0.002311,               0.002311,               0.002311
                    235,                 1.2293,                0.60908,                 1.5924,                0.84892,                0.74347,                0.80483,                0.52946,                 2.4279,                 1.3214,                 1.8014,               0.002278,               0.002278,               0.002278
                    236,                 1.2262,                0.60934,                 1.5896,                0.84998,                0.74225,                0.80505,                0.52956,                 2.4278,                  1.321,                 1.8016,               0.002245,               0.002245,               0.002245
                    237,                 1.2311,                0.61201,                 1.5914,                0.85146,                0.73985,                0.80477,                0.52949,                 2.4282,                 1.3197,                 1.8017,               0.002212,               0.002212,               0.002212
                    238,                 1.2207,                0.60606,                 1.5921,                0.85042,                0.74118,                0.80468,                0.52939,                 2.4293,                 1.3185,                  1.802,               0.002179,               0.002179,               0.002179
                    239,                 1.2094,                0.59966,                 1.5919,                0.85329,                0.73863,                0.80484,                0.52918,                 2.4296,                 1.3182,                  1.802,               0.002146,               0.002146,               0.002146
                    240,                 1.2242,                0.60777,                 1.5907,                0.86061,                0.73572,                 0.8048,                0.52944,                 2.4297,                 1.3178,                 1.8021,               0.002113,               0.002113,               0.002113
                    241,                 1.2187,                0.60948,                 1.5934,                0.85029,                0.73927,                0.80509,                0.52985,                 2.4291,                 1.3174,                 1.8023,                0.00208,                0.00208,                0.00208
                    242,                 1.2157,                0.59971,                 1.5918,                0.86207,                 0.7354,                0.80498,                0.53049,                  2.429,                  1.316,                 1.8019,               0.002047,               0.002047,               0.002047
                    243,                 1.2091,                0.59761,                 1.5877,                0.85138,                0.74153,                0.80492,                 0.5299,                 2.4287,                 1.3161,                 1.8018,               0.002014,               0.002014,               0.002014
                    244,                 1.2004,                 0.5968,                 1.5911,                0.85143,                0.74185,                0.80509,                0.52972,                 2.4284,                 1.3155,                 1.8018,               0.001981,               0.001981,               0.001981
                    245,                 1.2108,                0.60214,                 1.5924,                0.85086,                0.74217,                0.80506,                0.52962,                 2.4283,                 1.3163,                 1.8018,               0.001948,               0.001948,               0.001948
                    246,                 1.2047,                0.59359,                 1.5906,                 0.8529,                0.74088,                0.80524,                0.52929,                 2.4297,                 1.3161,                 1.8019,               0.001915,               0.001915,               0.001915
                    247,                 1.1977,                0.59318,                 1.5863,                0.86113,                0.73572,                0.80526,                0.52942,                 2.4284,                 1.3161,                 1.8018,               0.001882,               0.001882,               0.001882
                    248,                 1.2088,                0.59899,                 1.5906,                0.86281,                0.73443,                0.80528,                0.52944,                 2.4275,                 1.3154,                 1.8015,               0.001849,               0.001849,               0.001849
                    249,                 1.2102,                 0.6059,                 1.5895,                0.86375,                0.73646,                0.80546,                0.52943,                 2.4268,                 1.3147,                 1.8014,               0.001816,               0.001816,               0.001816
                    250,                 1.1945,                0.59123,                 1.5893,                0.86556,                0.73335,                 0.8054,                0.52933,                 2.4263,                 1.3154,                 1.8011,               0.001783,               0.001783,               0.001783
                    251,                 1.2117,                0.60166,                 1.5876,                0.86675,                0.73217,                0.80539,                0.52949,                 2.4263,                 1.3155,                 1.8013,                0.00175,                0.00175,                0.00175
                    252,                 1.1984,                0.59668,                 1.5868,                0.86647,                0.73249,                0.80535,                0.52975,                 2.4253,                 1.3144,                  1.801,               0.001717,               0.001717,               0.001717
                    253,                 1.2087,                0.59995,                 1.5904,                0.86589,                0.73249,                0.80531,                0.52952,                  2.425,                 1.3154,                 1.8008,               0.001684,               0.001684,               0.001684
                    254,                  1.185,                 0.5844,                 1.5912,                0.86463,                0.73375,                0.80549,                0.52972,                 2.4246,                 1.3152,                 1.8006,               0.001651,               0.001651,               0.001651
                    255,                 1.1849,                0.58848,                 1.5889,                0.86412,                0.73465,                  0.806,                0.52977,                 2.4238,                 1.3137,                    1.8,               0.001618,               0.001618,               0.001618
                    256,                 1.1876,                0.58858,                 1.5874,                0.86572,                 0.7344,                0.80599,                0.53038,                 2.4233,                 1.3136,                 1.7998,               0.001585,               0.001585,               0.001585
                    257,                 1.1834,                0.57968,                 1.5897,                0.86443,                0.73451,                0.80607,                0.53009,                 2.4228,                 1.3143,                 1.7996,               0.001552,               0.001552,               0.001552
                    258,                 1.1829,                0.59298,                 1.5894,                 0.8676,                0.73377,                 0.8065,                0.53038,                 2.4229,                 1.3135,                 1.7995,               0.001519,               0.001519,               0.001519
                    259,                 1.1894,                0.58852,                 1.5897,                 0.8676,                0.73373,                0.80689,                0.53045,                 2.4246,                 1.3124,                 1.7994,               0.001486,               0.001486,               0.001486
                    260,                 1.1923,                0.59362,                 1.5899,                0.86727,                0.73375,                0.80665,                0.53033,                 2.4252,                 1.3114,                 1.7994,               0.001453,               0.001453,               0.001453
                    261,                  1.191,                0.58594,                 1.5871,                0.86754,                0.73545,                0.80678,                0.53057,                 2.4245,                 1.3102,                 1.7994,                0.00142,                0.00142,                0.00142
                    262,                 1.1959,                0.59096,                 1.5874,                0.86885,                0.73325,                0.80741,                0.53032,                 2.4241,                 1.3095,                 1.7995,               0.001387,               0.001387,               0.001387
                    263,                 1.1787,                0.58204,                 1.5883,                0.87019,                0.73333,                0.80758,                0.53075,                 2.4233,                 1.3091,                 1.7991,               0.001354,               0.001354,               0.001354
                    264,                  1.164,                0.58198,                 1.5865,                0.86734,                0.73416,                0.80747,                0.53107,                 2.4244,                 1.3085,                 1.7993,               0.001321,               0.001321,               0.001321
                    265,                 1.1807,                0.58504,                 1.5861,                0.86594,                0.73508,                0.80755,                 0.5313,                 2.4222,                 1.3079,                 1.7991,               0.001288,               0.001288,               0.001288
                    266,                 1.1852,                0.58336,                 1.5893,                0.87069,                 0.7344,                0.80764,                0.53123,                 2.4221,                 1.3081,                 1.7992,               0.001255,               0.001255,               0.001255
                    267,                  1.172,                0.58047,                 1.5848,                0.86844,                0.73443,                0.80761,                0.53108,                 2.4216,                 1.3079,                  1.799,               0.001222,               0.001222,               0.001222
                    268,                 1.1805,                0.57875,                 1.5892,                0.86921,                0.73443,                0.80806,                 0.5313,                 2.4212,                 1.3076,                 1.7988,               0.001189,               0.001189,               0.001189
                    269,                 1.1708,                0.57635,                 1.5852,                0.86872,                0.73451,                0.80815,                0.53131,                 2.4214,                 1.3077,                 1.7987,               0.001156,               0.001156,               0.001156
                    270,                 1.1698,                0.57802,                 1.5868,                0.87069,                 0.7344,                0.80803,                0.53114,                  2.421,                 1.3076,                 1.7988,               0.001123,               0.001123,               0.001123
                    271,                 1.1688,                0.57434,                 1.5839,                0.86865,                0.73443,                0.80787,                0.53119,                 2.4205,                 1.3081,                 1.7988,                0.00109,                0.00109,                0.00109
                    272,                 1.1713,                0.58679,                 1.5851,                0.86629,                 0.7354,                0.80755,                0.53102,                 2.4205,                 1.3085,                 1.7987,               0.001057,               0.001057,               0.001057
                    273,                 1.1634,                0.57597,                 1.5823,                0.87024,                0.73346,                0.80736,                0.53122,                 2.4208,                 1.3091,                 1.7988,               0.001024,               0.001024,               0.001024
                    274,                 1.1715,                 0.5748,                 1.5905,                0.86683,                0.73443,                0.80782,                0.53114,                 2.4211,                 1.3083,                 1.7989,               0.000991,               0.000991,               0.000991
                    275,                  1.166,                0.57003,                 1.5902,                0.87118,                0.73346,                0.80809,                0.53136,                 2.4202,                 1.3079,                 1.7989,               0.000958,               0.000958,               0.000958
                    276,                  1.165,                0.57685,                 1.5823,                 0.8717,                0.73379,                0.80829,                0.53142,                 2.4203,                 1.3072,                 1.7991,               0.000925,               0.000925,               0.000925
                    277,                 1.1781,                0.57729,                 1.5868,                 0.8729,                0.73354,                0.80832,                0.53124,                 2.4215,                 1.3065,                 1.7993,               0.000892,               0.000892,               0.000892
                    278,                 1.1571,                0.57047,                 1.5878,                0.87002,                0.73508,                0.80858,                0.53132,                 2.4219,                 1.3063,                 1.7994,               0.000859,               0.000859,               0.000859
                    279,                 1.1423,                0.55918,                 1.5824,                 0.8714,                0.73475,                0.80848,                0.53066,                 2.4221,                 1.3062,                 1.7997,               0.000826,               0.000826,               0.000826
                    280,                 1.1547,                0.56683,                 1.5856,                0.87213,                 0.7329,                0.80809,                0.53091,                 2.4225,                 1.3057,                    1.8,               0.000793,               0.000793,               0.000793
                    281,                 1.1523,                0.57101,                 1.5876,                0.87673,                0.73217,                0.80874,                0.53082,                 2.4233,                 1.3054,                 1.8001,                0.00076,                0.00076,                0.00076
                    282,                 1.1529,                0.57116,                 1.5872,                0.87573,                0.73217,                 0.8081,                0.53098,                 2.4224,                 1.3052,                    1.8,               0.000727,               0.000727,               0.000727
                    283,                 1.1596,                0.56861,                 1.5837,                0.87607,                0.73217,                0.80794,                0.53108,                 2.4226,                 1.3053,                 1.7998,               0.000694,               0.000694,               0.000694
                    284,                  1.152,                0.56491,                 1.5828,                0.86872,                0.73452,                0.80815,                0.53099,                 2.4215,                 1.3051,                 1.7995,               0.000661,               0.000661,               0.000661
                    285,                  1.146,                0.56935,                 1.5828,                0.86879,                0.73508,                0.80797,                0.53069,                 2.4219,                 1.3046,                 1.7995,               0.000628,               0.000628,               0.000628
                    286,                 1.1336,                0.55944,                 1.5868,                0.86907,                0.73475,                 0.8078,                0.53089,                 2.4211,                 1.3048,                 1.7994,               0.000595,               0.000595,               0.000595
                    287,                 1.1461,                0.56619,                 1.5843,                0.87114,                0.73297,                0.80765,                0.53047,                 2.4215,                 1.3048,                 1.7994,               0.000562,               0.000562,               0.000562
                    288,                 1.1411,                0.56088,                  1.583,                0.87153,                0.73335,                0.80776,                0.53094,                 2.4206,                  1.304,                 1.7993,               0.000529,               0.000529,               0.000529
                    289,                 1.1445,                0.56414,                 1.5835,                0.87339,                0.73379,                0.80825,                0.53118,                 2.4215,                 1.3042,                 1.7993,               0.000496,               0.000496,               0.000496
                    290,                 1.1392,                0.56461,                  1.585,                 0.8726,                 0.7338,                0.80814,                  0.531,                 2.4224,                 1.3039,                 1.7994,               0.000463,               0.000463,               0.000463
                    291,                  2.122,                  1.183,                 1.6604,                0.87417,                0.73303,                0.80844,                0.53114,                 2.4225,                 1.3031,                 1.7996,                0.00043,                0.00043,                0.00043
                    292,                 2.0826,                 1.0986,                 1.6512,                0.87389,                0.73342,                0.80878,                0.53132,                  2.421,                 1.3028,                 1.7994,               0.000397,               0.000397,               0.000397
                    293,                 2.0693,                 1.0812,                 1.6483,                0.87327,                 0.7338,                0.80902,                0.53184,                 2.4199,                  1.302,                 1.7992,               0.000364,               0.000364,               0.000364
                    294,                 2.0477,                 1.0712,                 1.6534,                0.87552,                0.73306,                0.80939,                0.53204,                 2.4183,                  1.301,                 1.7987,               0.000331,               0.000331,               0.000331
                    295,                 2.0503,                 1.0631,                  1.647,                  0.873,                0.73669,                0.80991,                0.53254,                 2.4179,                 1.3004,                 1.7986,               0.000298,               0.000298,               0.000298
                    296,                 2.0389,                  1.058,                 1.6435,                0.87363,                0.73614,                0.81016,                0.53271,                  2.417,                 1.2994,                 1.7981,               0.000265,               0.000265,               0.000265
                    297,                 2.0455,                 1.0637,                 1.6453,                0.87299,                0.73701,                0.81009,                0.53313,                  2.415,                 1.2988,                 1.7976,               0.000232,               0.000232,               0.000232
                    298,                 2.0518,                 1.0526,                  1.646,                0.87367,                0.73669,                0.81055,                0.53327,                 2.4141,                 1.2974,                 1.7972,               0.000199,               0.000199,               0.000199
                    299,                 2.0304,                 1.0505,                 1.6402,                0.87349,                0.73749,                0.81094,                0.53388,                 2.4121,                 1.2958,                 1.7965,               0.000166,               0.000166,               0.000166
                    300,                 2.0291,                 1.0427,                 1.6461,                0.87364,                0.73733,                0.81076,                0.53419,                 2.4105,                 1.2944,                  1.796,               0.000133,               0.000133,               0.000133
