                  epoch,         train/box_loss,         train/cls_loss,         train/dfl_loss,   metrics/precision(B),      metrics/recall(B),       metrics/mAP50(B),    metrics/mAP50-95(B),           val/box_loss,           val/cls_loss,           val/dfl_loss,                 lr/pg0,                 lr/pg1,                 lr/pg2
                      1,                 1.3741,                 3.2381,                0.92788,                0.76554,                0.56348,                0.62614,                0.33798,                 1.3734,                 1.6022,                0.88352,              0.0033051,              0.0033051,              0.0033051
                      2,                 1.3189,                 1.3533,                0.88192,                0.80733,                0.58516,                 0.6497,                0.37736,                 1.3354,                0.94373,                0.90211,              0.0066165,              0.0066165,              0.0066165
                      3,                 1.3456,                 1.0496,                0.89283,                0.77725,                  0.497,                 0.5677,                0.34071,                 1.3592,                 1.3184,                0.93348,              0.0099059,              0.0099059,              0.0099059
                      4,                 1.3524,                0.98202,                0.90217,                0.78217,                0.59374,                0.65233,                0.38071,                 1.2912,                 1.7169,                0.92092,               0.009901,               0.009901,               0.009901
                      5,                 1.2752,                0.88867,                0.88388,                0.83039,                0.60296,                0.66731,                0.40889,                 1.2507,                0.93002,                0.91149,               0.009901,               0.009901,               0.009901
                      6,                 1.2459,                0.84298,                0.88066,                0.81344,                0.61044,                 0.6745,                0.40542,                  1.221,                0.89129,                0.89781,               0.009868,               0.009868,               0.009868
                      7,                 1.2258,                0.80842,                0.87664,                0.78777,                0.62736,                0.69123,                0.43227,                  1.171,                 1.0826,                0.88384,               0.009835,               0.009835,               0.009835
                      8,                 1.1812,                0.78571,                0.87481,                 0.8067,                0.65338,                0.70756,                0.46111,                 1.1027,                0.81711,                0.87033,               0.009802,               0.009802,               0.009802
                      9,                 1.1627,                0.75593,                0.86693,                0.83597,                0.67882,                0.74076,                0.46744,                 1.1352,                0.78451,                0.88194,               0.009769,               0.009769,               0.009769
                     10,                 1.1615,                 0.7486,                0.86495,                0.85676,                0.67542,                0.75377,                0.48216,                 1.1289,                0.73425,                0.88487,               0.009736,               0.009736,               0.009736
                     11,                 1.1286,                0.72957,                0.86105,                0.84722,                0.68109,                 0.7504,                0.47798,                 1.0983,                0.71648,                0.87312,               0.009703,               0.009703,               0.009703
                     12,                 1.1108,                0.71477,                0.86008,                 0.8544,                0.68935,                0.76679,                0.48984,                 1.0963,                0.74776,                0.87587,                0.00967,                0.00967,                0.00967
                     13,                 1.1125,                0.70606,                0.86056,                0.87904,                0.69954,                 0.7803,                0.50388,                 1.0702,                0.68391,                0.87183,               0.009637,               0.009637,               0.009637
                     14,                 1.1141,                0.70252,                0.85769,                 0.8659,                0.69685,                0.77608,                0.49957,                 1.0998,                0.67345,                0.87672,               0.009604,               0.009604,               0.009604
                     15,                 1.1038,                0.69841,                0.85876,                0.85011,                0.71321,                0.78151,                0.50585,                 1.0631,                 0.6639,                0.86873,               0.009571,               0.009571,               0.009571
                     16,                 1.0975,                0.68646,                0.85292,                0.85923,                0.71074,                0.78311,                0.49744,                 1.0881,                0.68556,                0.86784,               0.009538,               0.009538,               0.009538
                     17,                 1.0875,                 0.6686,                0.85557,                0.86416,                0.70297,                0.78478,                0.51626,                 1.0672,                0.66369,                0.87161,               0.009505,               0.009505,               0.009505
                     18,                  1.083,                0.67437,                  0.856,                0.87407,                0.68903,                0.77857,                0.51241,                 1.0556,                0.71538,                0.87023,               0.009472,               0.009472,               0.009472
                     19,                 1.0789,                0.66967,                 0.8513,                0.87056,                 0.7169,                0.79534,                0.52185,                 1.0263,                0.64294,                0.86072,               0.009439,               0.009439,               0.009439
                     20,                 1.0602,                0.65204,                 0.8495,                0.86555,                0.67947,                0.76963,                0.50971,                  1.048,                0.70994,                0.86545,               0.009406,               0.009406,               0.009406
                     21,                 1.0608,                0.64932,                0.85157,                0.86898,                0.71899,                0.79712,                0.51304,                 1.0369,                0.66457,                0.86542,               0.009373,               0.009373,               0.009373
                     22,                 1.0625,                0.65863,                0.84953,                0.86078,                0.72738,                0.79545,                0.52573,                 1.0206,                0.63052,                0.86052,                0.00934,                0.00934,                0.00934
                     23,                 1.0494,                0.63969,                0.84835,                0.86109,                0.72808,                0.79909,                 0.5277,                 1.0061,                 0.6345,                0.85908,               0.009307,               0.009307,               0.009307
                     24,                 1.0487,                0.64599,                0.84734,                0.87589,                0.73308,                0.80067,                0.52113,                 1.0235,                0.62074,                0.86157,               0.009274,               0.009274,               0.009274
                     25,                 1.0408,                0.63582,                0.84482,                0.86675,                0.72906,                0.79805,                0.52685,                 1.0268,                0.61712,                 0.8613,               0.009241,               0.009241,               0.009241
                     26,                 1.0418,                0.64009,                0.84975,                0.85629,                0.74446,                0.80752,                0.53356,                 1.0238,                0.61113,                0.86496,               0.009208,               0.009208,               0.009208
                     27,                 1.0307,                0.62318,                0.84594,                0.87614,                0.71873,                0.80267,                0.52459,                 1.0231,                0.64672,                0.86094,               0.009175,               0.009175,               0.009175
                     28,                 1.0313,                0.62689,                0.84604,                0.87186,                0.72769,                0.80594,                0.52769,                 1.0373,                0.62747,                0.86767,               0.009142,               0.009142,               0.009142
                     29,                 1.0333,                0.62654,                0.84614,                0.87494,                0.73862,                 0.8141,                0.53734,                 1.0083,                0.60058,                0.86693,               0.009109,               0.009109,               0.009109
                     30,                 1.0246,                0.62133,                0.84391,                0.87463,                0.73473,                0.81063,                0.53449,                 1.0211,                0.61775,                0.86486,               0.009076,               0.009076,               0.009076
                     31,                 1.0249,                 0.6214,                0.84486,                0.88401,                0.73473,                0.81459,                0.53943,                 1.0044,                0.60936,                0.86027,               0.009043,               0.009043,               0.009043
                     32,                  1.024,                0.61318,                0.84482,                0.87988,                0.72873,                0.80969,                0.54215,                0.99314,                0.61365,                0.85783,                0.00901,                0.00901,                0.00901
                     33,                 1.0318,                0.62136,                0.84552,                0.86988,                0.74737,                0.81857,                0.54226,                0.97263,                0.59053,                0.85214,               0.008977,               0.008977,               0.008977
                     34,                 1.0106,                0.61015,                0.84106,                0.87514,                0.75188,                0.81661,                0.53446,                 1.0085,                0.59259,                0.86165,               0.008944,               0.008944,               0.008944
                     35,                 1.0194,                0.60875,                0.84076,                0.88232,                0.75563,                0.82606,                0.55254,                0.97443,                 0.5747,                0.85506,               0.008911,               0.008911,               0.008911
                     36,                 1.0093,                0.60197,                0.84455,                0.86241,                0.74251,                0.81137,                0.54196,                0.97796,                0.59543,                0.85584,               0.008878,               0.008878,               0.008878
                     37,                 1.0107,                0.60988,                0.84387,                0.88106,                0.75288,                0.82458,                0.55304,                0.97631,                0.58441,                0.85564,               0.008845,               0.008845,               0.008845
                     38,                 1.0085,                0.60994,                0.84136,                0.87193,                0.75685,                0.82379,                0.54923,                0.99013,                0.57085,                0.85763,               0.008812,               0.008812,               0.008812
                     39,                 1.0086,                0.60602,                0.84105,                0.87842,                0.75677,                0.82674,                0.55198,                0.97477,                0.56892,                0.85442,               0.008779,               0.008779,               0.008779
                     40,                 1.0084,                0.59888,                 0.8438,                0.88445,                0.75665,                0.82796,                 0.5589,                0.96791,                0.56103,                0.85424,               0.008746,               0.008746,               0.008746
                     41,                 0.9978,                0.58889,                0.84036,                0.87179,                 0.7603,                0.82838,                0.55239,                0.96812,                 0.5597,                0.85463,               0.008713,               0.008713,               0.008713
                     42,                0.99698,                0.59586,                0.84178,                0.87992,                 0.7576,                0.82732,                0.54725,                0.98001,                0.56213,                0.85696,                0.00868,                0.00868,                0.00868
                     43,                0.99409,                0.58858,                0.83672,                0.87331,                0.75066,                0.82081,                0.54694,                 0.9754,                0.59528,                0.85448,               0.008647,               0.008647,               0.008647
                     44,                0.98962,                0.58731,                0.84099,                0.89313,                0.76112,                0.83492,                0.55958,                0.98054,                0.55289,                0.85754,               0.008614,               0.008614,               0.008614
                     45,                0.99037,                0.58937,                0.83771,                0.88832,                0.75855,                0.83593,                0.56093,                0.96425,                0.55592,                0.85115,               0.008581,               0.008581,               0.008581
                     46,                0.99934,                0.58903,                0.84168,                0.87841,                 0.7566,                0.83058,                0.55704,                0.96452,                0.55771,                0.85289,               0.008548,               0.008548,               0.008548
                     47,                0.98642,                0.58108,                0.83956,                 0.8787,                0.75717,                0.83407,                 0.5588,                0.97448,                 0.5618,                  0.857,               0.008515,               0.008515,               0.008515
                     48,                0.99079,                0.58776,                0.83938,                0.86201,                0.76487,                0.82892,                 0.5545,                0.97861,                0.56817,                 0.8575,               0.008482,               0.008482,               0.008482
                     49,                0.99578,                0.58608,                0.84019,                0.86017,                0.77297,                0.83439,                 0.5632,                0.95138,                0.55069,                0.85176,               0.008449,               0.008449,               0.008449
                     50,                0.98431,                0.57789,                0.83802,                 0.8867,                0.76346,                0.83846,                0.56409,                0.96003,                0.53673,                0.85038,               0.008416,               0.008416,               0.008416
                     51,                0.98675,                0.57917,                0.84039,                0.89102,                0.75644,                0.83663,                0.56559,                0.95491,                0.54615,                0.85249,               0.008383,               0.008383,               0.008383
                     52,                0.99134,                0.57732,                0.83761,                0.89059,                0.76876,                 0.8402,                0.56812,                0.95657,                0.53518,                0.85248,                0.00835,                0.00835,                0.00835
                     53,                0.98063,                0.58042,                0.83964,                0.88735,                0.76908,                0.83573,                0.56389,                0.95674,                0.54231,                0.85084,               0.008317,               0.008317,               0.008317
                     54,                0.99053,                0.57561,                0.83817,                0.88008,                0.77658,                0.84093,                0.56858,                0.95097,                0.53722,                0.85105,               0.008284,               0.008284,               0.008284
                     55,                0.98266,                 0.5779,                0.83608,                0.87912,                0.77978,                0.83947,                0.57075,                0.94145,                 0.5343,                0.85016,               0.008251,               0.008251,               0.008251
                     56,                 0.9793,                0.57334,                0.83954,                0.87701,                0.76924,                0.83936,                 0.5659,                 0.9518,                0.53504,                0.85191,               0.008218,               0.008218,               0.008218
                     57,                0.97554,                0.57431,                0.84157,                0.88192,                0.77699,                0.84376,                0.57775,                0.93152,                0.52522,                0.84768,               0.008185,               0.008185,               0.008185
                     58,                0.97024,                0.56843,                0.83856,                0.88314,                 0.7707,                0.84334,                0.57519,                0.93603,                0.53317,                0.85098,               0.008152,               0.008152,               0.008152
                     59,                0.97601,                0.56745,                 0.8403,                0.88188,                0.77673,                0.84102,                0.57164,                0.93825,                0.53402,                0.84846,               0.008119,               0.008119,               0.008119
                     60,                0.97486,                0.56969,                0.83447,                0.89278,                0.77329,                0.84287,                0.57377,                0.93935,                0.52704,                0.85029,               0.008086,               0.008086,               0.008086
                     61,                0.97384,                0.56717,                0.83552,                0.88205,                0.77556,                0.84263,                0.57306,                0.93558,                0.52567,                0.84921,               0.008053,               0.008053,               0.008053
                     62,                0.96892,                0.56531,                0.83798,                0.88485,                0.77848,                0.84582,                0.57869,                0.93027,                0.53058,                0.84937,                0.00802,                0.00802,                0.00802
                     63,                0.97012,                0.56644,                0.83914,                0.87925,                0.77961,                0.84441,                0.57169,                0.93577,                0.52683,                0.84809,               0.007987,               0.007987,               0.007987
                     64,                0.95553,                0.55746,                0.83538,                0.87222,                0.78383,                0.84413,                0.57434,                 0.9243,                0.52762,                0.84837,               0.007954,               0.007954,               0.007954
                     65,                0.97345,                0.56456,                0.83933,                0.88445,                0.77645,                0.84673,                0.57622,                0.93136,                0.52641,                0.84931,               0.007921,               0.007921,               0.007921
                     66,                0.95815,                0.55921,                0.83618,                0.87835,                0.78396,                 0.8477,                0.57806,                0.92621,                0.52717,                 0.8474,               0.007888,               0.007888,               0.007888
                     67,                0.95773,                 0.5597,                0.83651,                0.88673,                0.77427,                0.84554,                0.57131,                0.93336,                0.52361,                 0.8485,               0.007855,               0.007855,               0.007855
                     68,                0.96229,                0.55727,                0.83702,                0.88804,                0.77621,                0.84654,                0.57714,                0.93109,                0.52086,                0.85187,               0.007822,               0.007822,               0.007822
                     69,                0.96237,                0.55975,                0.83504,                0.88765,                 0.7788,                 0.8496,                0.57987,                0.92684,                0.52144,                0.84903,               0.007789,               0.007789,               0.007789
                     70,                0.95756,                0.56056,                0.83468,                 0.8866,                0.78091,                0.84841,                0.57934,                0.92032,                0.51974,                0.84583,               0.007756,               0.007756,               0.007756
                     71,                0.96247,                 0.5574,                0.83621,                0.88541,                0.77961,                0.84857,                0.57559,                0.92005,                0.51428,                0.84712,               0.007723,               0.007723,               0.007723
                     72,                0.96681,                0.55556,                0.83445,                0.87695,                0.78577,                0.84837,                0.57784,                0.92762,                0.51615,                0.84847,                0.00769,                0.00769,                0.00769
                     73,                0.95431,                0.55139,                0.83322,                0.87961,                0.78974,                 0.8513,                0.57949,                0.92941,                0.51695,                0.84902,               0.007657,               0.007657,               0.007657
                     74,                0.95516,                0.55764,                0.83375,                0.88489,                 0.7873,                0.85472,                0.58288,                0.92299,                0.51308,                 0.8466,               0.007624,               0.007624,               0.007624
                     75,                0.96308,                0.56096,                0.83198,                  0.885,                0.78577,                 0.8516,                0.57861,                0.93119,                0.51284,                0.84918,               0.007591,               0.007591,               0.007591
                     76,                0.95542,                0.54953,                0.83416,                0.88662,                0.78545,                0.85288,                0.58096,                0.92627,                0.50987,                0.84746,               0.007558,               0.007558,               0.007558
                     77,                0.95448,                0.55212,                0.83391,                0.88723,                0.78533,                 0.8528,                0.58337,                0.92227,                 0.5103,                 0.8487,               0.007525,               0.007525,               0.007525
                     78,                0.95605,                 0.5532,                0.83703,                0.89161,                0.78779,                0.85566,                0.58436,                0.92482,                0.51127,                0.84912,               0.007492,               0.007492,               0.007492
                     79,                0.95115,                 0.5491,                0.83255,                0.89022,                0.78383,                0.85343,                0.58414,                0.92055,                 0.5095,                0.84627,               0.007459,               0.007459,               0.007459
                     80,                0.94588,                0.54488,                  0.835,                0.89048,                0.78642,                0.85325,                0.58519,                0.91656,                0.50987,                 0.8461,               0.007426,               0.007426,               0.007426
                     81,                0.95035,                0.54661,                 0.8337,                0.89166,                 0.7869,                0.85295,                0.58287,                0.91248,                0.51237,                0.84509,               0.007393,               0.007393,               0.007393
                     82,                0.93947,                 0.5401,                0.83191,                0.88427,                0.79371,                0.85432,                0.58242,                0.91911,                0.50638,                0.84728,                0.00736,                0.00736,                0.00736
                     83,                0.93855,                0.54009,                0.82966,                0.88182,                0.79317,                0.85302,                0.58399,                0.91648,                0.50444,                0.84786,               0.007327,               0.007327,               0.007327
                     84,                0.94336,                0.54844,                0.82953,                0.87655,                0.79776,                0.85297,                0.58276,                0.91881,                0.50477,                0.84855,               0.007294,               0.007294,               0.007294
                     85,                0.95295,                0.54302,                0.83159,                0.88924,                0.78723,                0.85545,                0.58791,                0.91701,                0.50096,                0.84843,               0.007261,               0.007261,               0.007261
                     86,                0.94644,                0.54516,                0.83215,                0.88069,                0.79193,                0.85729,                0.58896,                0.91421,                0.49999,                0.84809,               0.007228,               0.007228,               0.007228
                     87,                0.94242,                0.53596,                0.83185,                0.88697,                0.78968,                0.85781,                0.59009,                0.91311,                0.49818,                0.84823,               0.007195,               0.007195,               0.007195
                     88,                0.94595,                0.54637,                0.83157,                0.88471,                0.79258,                0.85889,                 0.5915,                0.90813,                0.49551,                0.84694,               0.007162,               0.007162,               0.007162
                     89,                0.93974,                0.54106,                0.83015,                 0.8788,                 0.7955,                  0.856,                0.58767,                0.91107,                0.49756,                0.84639,               0.007129,               0.007129,               0.007129
                     90,                0.94059,                0.53632,                0.83179,                0.87984,                 0.7974,                 0.8578,                0.59014,                0.90657,                0.49799,                0.84606,               0.007096,               0.007096,               0.007096
                     91,                0.93909,                0.53718,                0.83253,                0.88685,                0.79096,                0.85945,                0.59263,                0.90364,                0.49241,                 0.8448,               0.007063,               0.007063,               0.007063
                     92,                0.93555,                0.53688,                0.83128,                0.88943,                0.78997,                0.85891,                0.59323,                0.90081,                0.49245,                 0.8436,                0.00703,                0.00703,                0.00703
                     93,                0.93369,                0.53556,                0.83173,                0.88411,                0.79368,                0.85844,                0.59161,                0.90169,                0.49283,                0.84409,               0.006997,               0.006997,               0.006997
                     94,                0.92671,                0.53169,                0.83061,                0.89474,                0.78789,                0.85915,                0.59216,                0.90007,                0.48985,                0.84397,               0.006964,               0.006964,               0.006964
                     95,                0.92644,                0.53176,                0.82967,                0.89386,                0.78691,                0.85924,                0.59265,                0.89798,                0.48986,                0.84278,               0.006931,               0.006931,               0.006931
                     96,                0.93582,                0.53313,                0.83428,                0.89097,                0.78982,                0.85933,                0.59262,                0.89949,                0.49085,                0.84372,               0.006898,               0.006898,               0.006898
                     97,                0.92687,                 0.5322,                 0.8299,                 0.8899,                0.79452,                0.85932,                0.59295,                 0.8991,                0.49018,                0.84376,               0.006865,               0.006865,               0.006865
                     98,                0.93828,                0.54141,                0.83328,                0.88872,                0.79517,                0.86053,                0.59269,                0.89921,                0.48917,                0.84404,               0.006832,               0.006832,               0.006832
                     99,                0.93236,                0.53753,                0.83019,                0.89341,                0.79322,                 0.8596,                 0.5929,                0.89926,                0.48897,                0.84435,               0.006799,               0.006799,               0.006799
                    100,                 0.9229,                 0.5256,                0.82968,                0.88891,                0.79631,                0.85905,                0.59364,                 0.8992,                0.48983,                  0.844,               0.006766,               0.006766,               0.006766
                    101,                0.93248,                0.52912,                0.83061,                0.89073,                0.79524,                0.85922,                0.59515,                0.89869,                0.48879,                0.84447,               0.006733,               0.006733,               0.006733
                    102,                 0.9262,                0.52782,                0.83103,                0.89143,                0.79428,                0.86028,                0.59487,                0.89694,                0.48724,                0.84429,                 0.0067,                 0.0067,                 0.0067
                    103,                0.92848,                0.53011,                0.82826,                0.88771,                0.79425,                0.86049,                0.59376,                0.89627,                0.48812,                0.84397,               0.006667,               0.006667,               0.006667
                    104,                0.93901,                0.53516,                0.82953,                0.89261,                0.78927,                0.85915,                0.59423,                0.89427,                0.48863,                0.84375,               0.006634,               0.006634,               0.006634
                    105,                0.92418,                 0.5235,                0.83202,                0.88959,                0.79306,                0.85808,                0.59334,                0.89402,                0.48864,                0.84359,               0.006601,               0.006601,               0.006601
                    106,                0.92098,                0.52189,                0.82998,                0.88983,                0.79209,                0.85898,                0.59369,                0.89636,                0.48699,                0.84417,               0.006568,               0.006568,               0.006568
                    107,                0.90969,                0.51786,                0.82902,                0.89126,                0.79355,                0.86005,                0.59471,                0.89577,                0.48595,                0.84429,               0.006535,               0.006535,               0.006535
                    108,                0.91992,                0.52395,                0.82885,                0.89753,                 0.7882,                0.86102,                0.59603,                0.89429,                0.48579,                0.84417,               0.006502,               0.006502,               0.006502
                    109,                0.92926,                0.53151,                0.83031,                0.89373,                0.79258,                0.86023,                0.59713,                0.89266,                0.48568,                0.84325,               0.006469,               0.006469,               0.006469
                    110,                0.92356,                0.52232,                0.83174,                0.89119,                0.79436,                0.85952,                0.59682,                  0.893,                 0.4868,                0.84341,               0.006436,               0.006436,               0.006436
                    111,                0.91699,                0.52197,                0.82829,                0.89147,                0.79462,                0.86013,                 0.5975,                0.89205,                0.48507,                0.84305,               0.006403,               0.006403,               0.006403
                    112,                0.91489,                0.52157,                0.82804,                0.88849,                 0.7955,                0.86021,                0.59768,                0.89112,                0.48464,                0.84269,                0.00637,                0.00637,                0.00637
                    113,                0.91655,                0.52076,                 0.8268,                 0.8973,                0.78999,                0.86009,                0.59779,                0.88999,                0.48407,                0.84259,               0.006337,               0.006337,               0.006337
                    114,                0.91526,                0.51751,                0.82834,                0.89054,                 0.7937,                0.86102,                0.59751,                0.89093,                0.48319,                0.84318,               0.006304,               0.006304,               0.006304
                    115,                0.91798,                0.51919,                0.82821,                0.88765,                0.79638,                0.86124,                0.59715,                0.89011,                0.48345,                0.84346,               0.006271,               0.006271,               0.006271
                    116,                0.90113,                0.50841,                0.82776,                0.88923,                 0.7955,                0.86076,                0.59696,                0.89127,                0.48371,                0.84348,               0.006238,               0.006238,               0.006238
                    117,                0.90836,                0.51257,                0.82776,                0.88836,                0.79501,                0.86143,                0.59823,                0.89098,                0.48388,                0.84367,               0.006205,               0.006205,               0.006205
                    118,                0.91105,                0.51548,                 0.8274,                0.89085,                0.79436,                0.86243,                0.59867,                0.89026,                0.48363,                0.84368,               0.006172,               0.006172,               0.006172
                    119,                0.92225,                 0.5205,                  0.829,                0.89084,                0.79501,                0.86261,                0.59887,                0.88982,                0.48409,                0.84358,               0.006139,               0.006139,               0.006139
                    120,                0.91111,                0.51738,                0.83094,                0.88715,                0.79728,                0.86283,                0.59965,                0.88908,                0.48492,                0.84351,               0.006106,               0.006106,               0.006106
                    121,                0.91121,                0.51258,                0.82594,                0.88456,                0.79841,                 0.8637,                0.59948,                0.88912,                0.48437,                0.84365,               0.006073,               0.006073,               0.006073
                    122,                0.91304,                0.50925,                0.82631,                0.88855,                0.79728,                0.86386,                0.59928,                0.88879,                0.48392,                0.84357,                0.00604,                0.00604,                0.00604
                    123,                0.91278,                0.51827,                0.82674,                0.88797,                0.79906,                 0.8644,                0.59947,                0.88876,                0.48348,                0.84343,               0.006007,               0.006007,               0.006007
                    124,                0.90611,                0.51603,                0.82994,                0.88641,                0.80084,                  0.865,                0.59988,                0.88804,                0.48274,                0.84307,               0.005974,               0.005974,               0.005974
                    125,                0.90889,                0.51242,                0.82484,                0.88846,                0.80028,                0.86476,                0.59968,                0.88771,                0.48237,                0.84296,               0.005941,               0.005941,               0.005941
                    126,                0.90685,                0.51138,                0.82903,                0.88541,                0.80263,                0.86503,                0.59974,                0.88844,                0.48222,                0.84314,               0.005908,               0.005908,               0.005908
                    127,                0.90523,                0.50856,                0.82777,                0.88787,                0.80036,                0.86519,                 0.5993,                0.88856,                0.48259,                0.84336,               0.005875,               0.005875,               0.005875
                    128,                0.90984,                0.51771,                 0.8292,                0.88722,                0.80133,                0.86528,                0.59863,                0.88828,                 0.4826,                0.84324,               0.005842,               0.005842,               0.005842
                    129,                0.90258,                0.51176,                0.82802,                0.89076,                0.80019,                0.86513,                0.59877,                0.88826,                0.48195,                0.84311,               0.005809,               0.005809,               0.005809
                    130,                0.90573,                0.50853,                 0.8281,                0.88973,                0.80018,                0.86517,                0.59906,                0.88835,                0.48134,                0.84315,               0.005776,               0.005776,               0.005776
                    131,                0.89376,                0.50603,                0.82785,                0.88835,                0.80071,                0.86546,                0.59931,                0.88769,                0.48042,                0.84311,               0.005743,               0.005743,               0.005743
                    132,                0.90084,                0.51383,                0.82837,                0.88835,                0.80019,                0.86504,                0.59951,                0.88694,                0.47965,                0.84298,                0.00571,                0.00571,                0.00571
                    133,                0.90182,                0.50317,                0.82666,                0.88829,                0.79971,                0.86482,                0.60016,                0.88619,                0.47949,                0.84289,               0.005677,               0.005677,               0.005677
                    134,                 0.9046,                0.50846,                0.82627,                0.88583,                0.80036,                0.86452,                0.60008,                0.88571,                0.47929,                0.84262,               0.005644,               0.005644,               0.005644
                    135,                0.89689,                0.50229,                0.82687,                 0.8867,                0.80025,                0.86486,                0.60035,                0.88626,                0.47886,                0.84278,               0.005611,               0.005611,               0.005611
                    136,                0.89555,                0.50386,                0.82467,                0.88583,                0.80149,                0.86537,                0.60095,                0.88544,                0.47812,                0.84277,               0.005578,               0.005578,               0.005578
                    137,                0.89761,                0.50265,                0.82477,                0.88595,                0.80279,                0.86556,                0.60105,                0.88531,                0.47765,                0.84269,               0.005545,               0.005545,               0.005545
                    138,                0.89995,                0.50561,                0.82672,                0.88642,                0.80308,                 0.8656,                0.60165,                0.88456,                0.47775,                0.84248,               0.005512,               0.005512,               0.005512
                    139,                0.89585,                0.50109,                0.82708,                 0.8847,                0.80522,                0.86635,                0.60194,                0.88426,                0.47737,                0.84248,               0.005479,               0.005479,               0.005479
                    140,                0.90142,                0.50479,                0.82589,                0.88533,                0.80444,                0.86632,                0.60225,                0.88358,                 0.4768,                0.84231,               0.005446,               0.005446,               0.005446
                    141,                0.89476,                0.50026,                0.82446,                0.88502,                0.80577,                 0.8666,                 0.6022,                0.88335,                0.47721,                0.84218,               0.005413,               0.005413,               0.005413
                    142,                0.90031,                0.50537,                0.82578,                0.88654,                0.80554,                0.86677,                0.60265,                0.88306,                0.47657,                0.84208,                0.00538,                0.00538,                0.00538
                    143,                0.88595,                0.49219,                0.82331,                0.88485,                 0.8057,                0.86659,                0.60268,                0.88326,                0.47639,                0.84204,               0.005347,               0.005347,               0.005347
                    144,                0.89366,                0.50075,                0.82564,                0.88469,                0.80603,                0.86687,                0.60269,                0.88306,                0.47653,                0.84196,               0.005314,               0.005314,               0.005314
                    145,                0.89212,                 0.4993,                0.82342,                0.88383,                0.80684,                0.86702,                0.60246,                0.88262,                0.47614,                0.84188,               0.005281,               0.005281,               0.005281
                    146,                0.89631,                0.50064,                0.82525,                0.88412,                0.80684,                0.86702,                0.60301,                0.88285,                0.47636,                0.84194,               0.005248,               0.005248,               0.005248
                    147,                0.89001,                0.49743,                0.82442,                0.88223,                0.80749,                0.86677,                0.60323,                0.88224,                0.47642,                0.84189,               0.005215,               0.005215,               0.005215
                    148,                0.89539,                0.49591,                0.82411,                0.88261,                0.80779,                0.86699,                0.60347,                0.88233,                 0.4757,                0.84184,               0.005182,               0.005182,               0.005182
                    149,                0.88916,                0.49133,                0.82363,                0.88373,                0.80674,                0.86645,                0.60384,                0.88202,                0.47628,                0.84166,               0.005149,               0.005149,               0.005149
                    150,                0.88902,                0.49483,                0.82411,                0.88598,                0.80459,                0.86672,                0.60424,                0.88142,                0.47618,                0.84156,               0.005116,               0.005116,               0.005116
                    151,                0.88404,                0.48897,                0.82191,                0.88672,                 0.8042,                0.86663,                0.60444,                0.88138,                0.47583,                0.84152,               0.005083,               0.005083,               0.005083
                    152,                0.89057,                0.49454,                0.82554,                0.88737,                0.80344,                0.86643,                0.60405,                0.88153,                0.47576,                0.84153,                0.00505,                0.00505,                0.00505
                    153,                0.88766,                0.49199,                 0.8241,                0.88805,                0.80327,                0.86641,                0.60436,                0.88117,                0.47501,                0.84153,               0.005017,               0.005017,               0.005017
                    154,                 0.8788,                0.48358,                0.82479,                0.88734,                0.80344,                 0.8667,                0.60438,                0.88156,                0.47552,                0.84157,               0.004984,               0.004984,               0.004984
                    155,                  0.875,                0.48951,                0.82183,                0.88825,                0.80311,                0.86663,                0.60445,                0.88148,                0.47526,                0.84165,               0.004951,               0.004951,               0.004951
                    156,                0.88069,                0.49116,                0.82358,                0.88751,                0.80392,                0.86696,                0.60439,                 0.8811,                0.47545,                0.84149,               0.004918,               0.004918,               0.004918
                    157,                0.87927,                0.48574,                0.82317,                0.88812,                0.80267,                0.86676,                0.60478,                0.88059,                0.47507,                0.84148,               0.004885,               0.004885,               0.004885
                    158,                0.87784,                0.48333,                0.82309,                0.88995,                0.80196,                0.86698,                0.60487,                0.88044,                0.47577,                0.84141,               0.004852,               0.004852,               0.004852
                    159,                0.87751,                0.48669,                0.82176,                0.89012,                 0.8021,                0.86725,                0.60498,                0.87997,                0.47551,                0.84139,               0.004819,               0.004819,               0.004819
                    160,                0.86985,                0.48393,                0.82306,                0.89042,                0.80188,                0.86736,                0.60489,                0.88003,                0.47597,                0.84131,               0.004786,               0.004786,               0.004786
                    161,                0.87671,                0.49036,                0.82334,                0.89032,                 0.8024,                0.86721,                0.60499,                0.87988,                0.47584,                0.84124,               0.004753,               0.004753,               0.004753
                    162,                 0.8721,                0.48325,                0.82166,                0.89014,                0.80227,                0.86716,                0.60511,                0.87956,                0.47595,                 0.8412,                0.00472,                0.00472,                0.00472
                    163,                0.88566,                0.48768,                0.82508,                0.89119,                0.80246,                0.86756,                 0.6053,                0.87973,                0.47631,                0.84117,               0.004687,               0.004687,               0.004687
                    164,                0.87026,                0.48085,                0.82033,                0.89073,                0.80263,                0.86755,                0.60577,                0.87933,                0.47619,                0.84116,               0.004654,               0.004654,               0.004654
                    165,                0.87903,                0.48836,                0.82175,                 0.8904,                0.80279,                0.86768,                0.60615,                0.87883,                 0.4766,                0.84116,               0.004621,               0.004621,               0.004621
                    166,                0.87412,                0.48054,                0.82316,                0.89066,                 0.8023,                0.86764,                0.60583,                0.87899,                0.47718,                0.84114,               0.004588,               0.004588,               0.004588
                    167,                0.87113,                0.47836,                0.82289,                0.88952,                0.80371,                0.86764,                0.60556,                0.87895,                0.47755,                 0.8412,               0.004555,               0.004555,               0.004555
                    168,                0.86301,                0.47746,                0.82462,                0.88764,                0.80538,                0.86775,                0.60552,                0.87895,                0.47767,                0.84125,               0.004522,               0.004522,               0.004522
                    169,                0.87193,                0.48325,                0.82083,                0.88832,                 0.8057,                0.86794,                0.60609,                0.87853,                0.47816,                0.84123,               0.004489,               0.004489,               0.004489
                    170,                0.86258,                0.47689,                0.82141,                0.88816,                0.80556,                 0.8679,                0.60585,                 0.8789,                 0.4784,                0.84122,               0.004456,               0.004456,               0.004456
                    171,                0.86089,                 0.4719,                0.82056,                0.88824,                0.80491,                0.86781,                0.60611,                0.87892,                0.47947,                0.84129,               0.004423,               0.004423,               0.004423
                    172,                0.85997,                0.47776,                0.82085,                0.88669,                0.80651,                0.86782,                 0.6062,                0.87884,                0.47958,                 0.8412,                0.00439,                0.00439,                0.00439
                    173,                0.85866,                0.47718,                0.82201,                0.88717,                0.80651,                 0.8678,                0.60616,                0.87899,                 0.4799,                0.84125,               0.004357,               0.004357,               0.004357
                    174,                 0.8696,                0.47865,                0.82051,                0.88753,                0.80635,                0.86791,                  0.606,                0.87875,                0.48068,                0.84122,               0.004324,               0.004324,               0.004324
                    175,                0.85832,                0.47382,                0.82011,                0.88769,                0.80651,                0.86808,                0.60625,                0.87876,                0.48147,                0.84118,               0.004291,               0.004291,               0.004291
                    176,                0.86449,                0.47598,                0.82041,                0.88798,                0.80668,                0.86826,                0.60617,                0.87871,                 0.4826,                0.84123,               0.004258,               0.004258,               0.004258
                    177,                0.85554,                0.47166,                0.81994,                0.88838,                0.80612,                0.86802,                0.60626,                 0.8785,                0.48264,                0.84115,               0.004225,               0.004225,               0.004225
                    178,                0.86227,                0.47265,                0.82263,                0.88766,                0.80668,                0.86837,                0.60629,                 0.8781,                0.48285,                0.84111,               0.004192,               0.004192,               0.004192
                    179,                0.85437,                0.46981,                0.81825,                0.88724,                0.80749,                0.86848,                0.60663,                0.87842,                0.48331,                 0.8411,               0.004159,               0.004159,               0.004159
                    180,                0.84764,                0.46396,                0.81998,                0.88715,                0.80768,                0.86854,                0.60605,                0.87822,                0.48431,                0.84106,               0.004126,               0.004126,               0.004126
                    181,                0.85384,                 0.4724,                 0.8181,                0.88685,                0.80778,                0.86859,                0.60657,                0.87821,                0.48469,                0.84107,               0.004093,               0.004093,               0.004093
                    182,                0.86358,                 0.4736,                0.82014,                0.88685,                0.80778,                0.86832,                 0.6063,                 0.8782,                0.48489,                 0.8411,                0.00406,                0.00406,                0.00406
                    183,                0.85629,                 0.4662,                0.82059,                0.88557,                0.80891,                0.86845,                0.60653,                0.87819,                 0.4855,                 0.8411,               0.004027,               0.004027,               0.004027
                    184,                0.84324,                 0.4678,                0.81956,                0.88468,                0.80932,                0.86855,                0.60634,                0.87805,                0.48583,                0.84108,               0.003994,               0.003994,               0.003994
                    185,                0.85307,                 0.4715,                0.81999,                0.88529,                0.80916,                0.86866,                0.60607,                0.87843,                0.48658,                0.84106,               0.003961,               0.003961,               0.003961
                    186,                0.84707,                0.46334,                 0.8195,                0.88706,                0.80696,                0.86854,                0.60612,                0.87857,                0.48769,                0.84104,               0.003928,               0.003928,               0.003928
                    187,                0.85315,                0.46216,                0.81989,                 0.8874,                0.80619,                0.86854,                0.60667,                0.87833,                0.48853,                0.84105,               0.003895,               0.003895,               0.003895
                    188,                0.85908,                0.46898,                0.81964,                0.88761,                  0.807,                0.86884,                0.60692,                 0.8783,                0.48849,                0.84104,               0.003862,               0.003862,               0.003862
                    189,                0.84588,                0.46269,                0.81757,                0.88805,                  0.807,                0.86895,                0.60679,                0.87832,                0.48867,                  0.841,               0.003829,               0.003829,               0.003829
                    190,                0.84762,                0.46222,                0.81967,                0.88684,                0.80768,                0.86878,                0.60685,                0.87828,                0.48987,                0.84101,               0.003796,               0.003796,               0.003796
                    191,                0.85083,                0.46483,                0.81766,                0.88669,                0.80813,                 0.8686,                0.60664,                0.87878,                0.49025,                0.84102,               0.003763,               0.003763,               0.003763
                    192,                 0.8551,                0.46447,                0.82103,                0.88778,                0.80846,                0.86897,                0.60696,                0.87863,                0.49071,                0.84099,                0.00373,                0.00373,                0.00373
                    193,                0.84039,                0.45499,                0.81888,                0.88787,                0.80838,                0.86885,                 0.6068,                 0.8789,                0.49115,                0.84106,               0.003697,               0.003697,               0.003697
                    194,                0.84584,                 0.4654,                0.81841,                0.88776,                0.80846,                0.86882,                0.60696,                0.87895,                0.49139,                0.84107,               0.003664,               0.003664,               0.003664
                    195,                0.83687,                 0.4604,                0.81936,                0.88746,                0.80889,                0.86895,                0.60673,                0.87891,                0.49206,                0.84101,               0.003631,               0.003631,               0.003631
                    196,                0.84091,                 0.4579,                0.81913,                0.88697,                0.80862,                0.86882,                0.60686,                0.87878,                0.49232,                0.84105,               0.003598,               0.003598,               0.003598
                    197,                0.84151,                0.45874,                0.81909,                0.88726,                0.80856,                0.86899,                0.60684,                0.87928,                0.49314,                0.84107,               0.003565,               0.003565,               0.003565
                    198,                 0.8354,                0.45725,                0.81782,                0.88683,                0.80878,                0.86918,                0.60686,                0.87922,                0.49351,                0.84108,               0.003532,               0.003532,               0.003532
                    199,                0.84249,                0.45797,                0.81895,                0.88759,                0.80862,                0.86893,                0.60644,                0.87971,                 0.4941,                0.84116,               0.003499,               0.003499,               0.003499
                    200,                0.84599,                0.45931,                0.81683,                0.88701,                0.80846,                0.86902,                0.60682,                0.87986,                0.49442,                0.84119,               0.003466,               0.003466,               0.003466
                    201,                0.83948,                0.45809,                  0.818,                 0.8873,                0.80846,                0.86891,                 0.6067,                0.87982,                0.49515,                 0.8412,               0.003433,               0.003433,               0.003433
                    202,                0.83771,                0.45884,                0.81784,                0.88672,                0.80862,                 0.8692,                0.60691,                0.88052,                0.49573,                0.84128,                 0.0034,                 0.0034,                 0.0034
                    203,                0.83306,                 0.4526,                0.81778,                0.88772,                0.80843,                0.86954,                0.60707,                0.88043,                0.49566,                0.84129,               0.003367,               0.003367,               0.003367
                    204,                0.82687,                0.45294,                0.81532,                0.88882,                0.80797,                0.86969,                0.60721,                0.88063,                0.49633,                0.84131,               0.003334,               0.003334,               0.003334
                    205,                0.83922,                0.45204,                0.81621,                0.88917,                0.80797,                0.86977,                0.60722,                0.88047,                0.49677,                0.84124,               0.003301,               0.003301,               0.003301
                    206,                0.82774,                0.44968,                0.81672,                0.88931,                0.80781,                0.86953,                0.60736,                0.88088,                0.49723,                0.84129,               0.003268,               0.003268,               0.003268
                    207,                0.83231,                0.45538,                0.81547,                0.88959,                0.80781,                0.86958,                0.60703,                 0.8807,                0.49748,                0.84128,               0.003235,               0.003235,               0.003235
                    208,                0.82791,                0.45307,                0.81662,                0.88905,                0.80813,                0.86955,                0.60689,                0.88107,                0.49802,                 0.8413,               0.003202,               0.003202,               0.003202
                    209,                 0.8273,                0.44869,                0.81614,                0.88953,                0.80813,                0.86973,                0.60695,                0.88157,                0.49842,                0.84139,               0.003169,               0.003169,               0.003169
                    210,                0.83655,                0.45757,                0.81861,                0.88987,                0.80813,                0.86976,                0.60751,                0.88171,                0.49857,                0.84143,               0.003136,               0.003136,               0.003136
                    211,                0.82788,                0.44604,                0.81657,                0.89007,                0.80824,                0.87014,                0.60737,                0.88167,                0.49867,                0.84145,               0.003103,               0.003103,               0.003103
                    212,                0.81607,                0.44636,                0.81329,                0.88929,                0.80862,                0.87016,                0.60759,                0.88187,                0.49905,                0.84147,                0.00307,                0.00307,                0.00307
                    213,                 0.8188,                0.44378,                0.81452,                0.88837,                0.80857,                0.86963,                0.60755,                0.88194,                0.49957,                0.84149,               0.003037,               0.003037,               0.003037
                    214,                0.82038,                 0.4439,                0.81443,                0.88925,                0.80799,                0.86945,                0.60787,                 0.8817,                0.49948,                0.84149,               0.003004,               0.003004,               0.003004
                    215,                0.83137,                 0.4453,                0.81401,                0.88995,                0.80749,                0.86929,                0.60752,                0.88183,                0.49989,                0.84153,               0.002971,               0.002971,               0.002971
                    216,                 0.8263,                0.45258,                0.81633,                0.88991,                0.80716,                0.86948,                 0.6079,                0.88204,                0.50008,                0.84154,               0.002938,               0.002938,               0.002938
                    217,                0.82356,                0.44503,                0.81889,                0.89025,                0.80749,                0.86973,                0.60793,                0.88192,                0.50041,                 0.8415,               0.002905,               0.002905,               0.002905
                    218,                0.81118,                0.43874,                0.81455,                0.88866,                0.80765,                0.87013,                0.60844,                0.88152,                0.50029,                0.84144,               0.002872,               0.002872,               0.002872
                    219,                0.82607,                0.44369,                0.81534,                 0.8891,                0.80807,                0.86997,                0.60844,                0.88176,                  0.501,                0.84142,               0.002839,               0.002839,               0.002839
                    220,                0.81913,                0.44178,                0.81687,                0.88945,                0.80765,                0.86989,                0.60852,                0.88181,                0.50143,                 0.8414,               0.002806,               0.002806,               0.002806
                    221,                0.81411,                0.43723,                0.81306,                0.88879,                0.80816,                0.87019,                0.60857,                0.88165,                0.50178,                0.84144,               0.002773,               0.002773,               0.002773
                    222,                0.81208,                0.44145,                 0.8131,                0.89006,                0.80765,                0.87037,                0.60884,                0.88188,                0.50201,                0.84143,                0.00274,                0.00274,                0.00274
                    223,                0.81289,                0.43469,                0.81342,                0.89089,                0.80635,                0.87013,                 0.6085,                0.88222,                0.50281,                0.84147,               0.002707,               0.002707,               0.002707
                    224,                0.81554,                0.43964,                0.81331,                0.89132,                0.80619,                0.87036,                0.60867,                0.88244,                0.50295,                0.84152,               0.002674,               0.002674,               0.002674
                    225,                0.80707,                0.43582,                0.81311,                0.89196,                0.80619,                0.87004,                0.60918,                0.88237,                0.50346,                 0.8415,               0.002641,               0.002641,               0.002641
                    226,                0.81092,                0.43522,                0.81336,                0.89205,                0.80617,                 0.8702,                0.60877,                0.88233,                0.50323,                0.84151,               0.002608,               0.002608,               0.002608
                    227,                0.81011,                0.43409,                0.81273,                0.89219,                0.80587,                0.87025,                0.60841,                0.88241,                0.50346,                0.84154,               0.002575,               0.002575,               0.002575
                    228,                0.80688,                0.43332,                0.81137,                0.89188,                0.80635,                0.87052,                0.60853,                0.88265,                0.50388,                 0.8415,               0.002542,               0.002542,               0.002542
                    229,                0.79844,                0.43099,                 0.8106,                  0.892,                0.80603,                0.87037,                 0.6088,                0.88263,                0.50441,                0.84146,               0.002509,               0.002509,               0.002509
                    230,                0.80488,                0.43425,                0.81116,                0.89149,                  0.807,                0.87048,                 0.6089,                0.88322,                0.50461,                0.84152,               0.002476,               0.002476,               0.002476
                    231,                0.80907,                0.43554,                0.81166,                0.89153,                0.80713,                0.87044,                0.60878,                0.88332,                0.50487,                0.84146,               0.002443,               0.002443,               0.002443
                    232,                0.80415,                0.42909,                0.81329,                0.89181,                0.80677,                0.87029,                0.60891,                0.88335,                0.50506,                 0.8415,                0.00241,                0.00241,                0.00241
                    233,                0.79084,                0.42509,                0.80956,                0.89106,                0.80723,                0.87046,                0.60885,                0.88381,                0.50612,                0.84154,               0.002377,               0.002377,               0.002377
                    234,                0.79712,                0.43039,                0.81288,                0.89188,                0.80603,                0.87023,                0.60883,                0.88357,                0.50582,                0.84151,               0.002344,               0.002344,               0.002344
                    235,                0.79514,                0.43149,                0.81147,                0.89138,                0.80723,                0.86987,                 0.6089,                0.88374,                0.50634,                 0.8415,               0.002311,               0.002311,               0.002311
                    236,                0.79725,                0.42614,                0.81015,                0.89289,                0.80587,                0.86996,                0.60885,                0.88379,                0.50579,                0.84149,               0.002278,               0.002278,               0.002278
                    237,                0.79983,                0.42991,                0.81144,                0.89299,                0.80619,                0.87013,                0.60893,                 0.8837,                0.50601,                 0.8415,               0.002245,               0.002245,               0.002245
                    238,                0.80193,                0.43037,                0.81315,                0.89307,                 0.8066,                0.87011,                0.60869,                0.88384,                0.50644,                0.84147,               0.002212,               0.002212,               0.002212
                    239,                0.79484,                0.42109,                0.81185,                0.89275,                0.80651,                 0.8701,                0.60916,                0.88396,                0.50646,                0.84146,               0.002179,               0.002179,               0.002179
                    240,                  0.801,                0.42673,                0.81122,                0.89321,                0.80635,                0.87005,                0.60906,                0.88385,                0.50668,                0.84144,               0.002146,               0.002146,               0.002146
                    241,                0.78685,                0.41752,                0.81136,                0.89286,                0.80668,                0.87016,                0.60929,                0.88406,                0.50722,                0.84142,               0.002113,               0.002113,               0.002113
                    242,                0.79337,                0.42556,                0.81119,                0.89256,                0.80641,                0.86995,                0.60963,                0.88414,                0.50734,                0.84145,                0.00208,                0.00208,                0.00208
                    243,                0.79564,                0.42471,                0.81207,                0.89307,                0.80668,                0.87004,                0.60951,                0.88443,                0.50754,                0.84144,               0.002047,               0.002047,               0.002047
                    244,                0.78443,                0.41625,                0.81137,                0.89294,                0.80691,                 0.8699,                0.60949,                0.88424,                 0.5076,                0.84144,               0.002014,               0.002014,               0.002014
                    245,                0.77382,                0.41496,                0.81107,                0.89373,                0.80675,                0.87045,                0.60974,                0.88445,                0.50829,                0.84144,               0.001981,               0.001981,               0.001981
                    246,                0.78759,                0.42014,                0.81005,                0.89409,                0.80635,                0.87032,                0.61039,                0.88433,                0.50837,                0.84138,               0.001948,               0.001948,               0.001948
                    247,                0.79057,                0.41947,                0.81098,                0.89354,                0.80655,                0.87029,                 0.6105,                0.88414,                0.50838,                0.84138,               0.001915,               0.001915,               0.001915
                    248,                0.77417,                 0.4108,                0.80843,                0.89328,                 0.8071,                0.87072,                0.61083,                0.88428,                0.50841,                0.84134,               0.001882,               0.001882,               0.001882
                    249,                0.78439,                0.41469,                0.81025,                0.89384,                0.80765,                0.87084,                0.61111,                0.88458,                 0.5087,                0.84143,               0.001849,               0.001849,               0.001849
                    250,                0.76856,                 0.4091,                0.80746,                0.89408,                0.80843,                0.87091,                0.61094,                0.88468,                0.50925,                0.84149,               0.001816,               0.001816,               0.001816
                    251,                0.77226,                0.41247,                0.80753,                0.89419,                0.80794,                0.87115,                 0.6109,                 0.8845,                0.50958,                0.84151,               0.001783,               0.001783,               0.001783
                    252,                0.77068,                0.40888,                0.81211,                0.89457,                0.80711,                0.87113,                0.61088,                0.88452,                0.50971,                0.84142,                0.00175,                0.00175,                0.00175
                    253,                 0.7751,                0.41335,                0.80894,                0.89498,                0.80648,                0.87097,                0.61101,                0.88484,                0.51057,                0.84145,               0.001717,               0.001717,               0.001717
                    254,                0.77149,                0.40587,                0.80781,                 0.8947,                0.80813,                0.87097,                0.61123,                0.88475,                0.51103,                0.84151,               0.001684,               0.001684,               0.001684
                    255,                0.77113,                0.40712,                0.80765,                0.89485,                  0.807,                0.87079,                0.61123,                0.88521,                0.51141,                0.84154,               0.001651,               0.001651,               0.001651
                    256,                0.77172,                0.40718,                0.80904,                0.89491,                0.80716,                 0.8708,                0.61163,                0.88514,                0.51084,                0.84151,               0.001618,               0.001618,               0.001618
                    257,                0.76899,                0.40467,                0.80707,                0.89508,                0.80732,                0.87077,                0.61156,                0.88513,                0.51133,                0.84151,               0.001585,               0.001585,               0.001585
                    258,                0.76553,                0.40214,                0.80723,                0.89506,                0.80722,                0.87097,                0.61174,                0.88533,                 0.5114,                0.84153,               0.001552,               0.001552,               0.001552
                    259,                0.75688,                0.40037,                0.80952,                0.89518,                0.80679,                0.87105,                0.61172,                0.88545,                0.51193,                0.84163,               0.001519,               0.001519,               0.001519
                    260,                0.76289,                0.39964,                0.80809,                0.89575,                0.80765,                0.87119,                0.61216,                0.88516,                0.51214,                0.84158,               0.001486,               0.001486,               0.001486
                    261,                0.76359,                0.40225,                0.80591,                0.89575,                0.80761,                0.87123,                0.61216,                  0.885,                 0.5116,                0.84158,               0.001453,               0.001453,               0.001453
                    262,                0.76199,                0.39708,                0.80476,                0.89611,                0.80652,                0.87141,                0.61236,                0.88511,                0.51187,                0.84163,                0.00142,                0.00142,                0.00142
                    263,                0.75211,                0.39765,                0.80622,                0.89598,                0.80675,                0.87111,                0.61255,                0.88509,                0.51175,                0.84162,               0.001387,               0.001387,               0.001387
                    264,                 0.7601,                0.40244,                0.80675,                0.89586,                0.80571,                0.87132,                0.61205,                0.88523,                0.51217,                0.84158,               0.001354,               0.001354,               0.001354
                    265,                0.75697,                0.40204,                0.80786,                0.89674,                0.80506,                0.87143,                0.61247,                0.88534,                0.51246,                0.84161,               0.001321,               0.001321,               0.001321
                    266,                0.75575,                0.39494,                0.80738,                 0.8968,                0.80551,                0.87146,                 0.6129,                0.88558,                0.51354,                0.84154,               0.001288,               0.001288,               0.001288
                    267,                0.75094,                0.39529,                0.80656,                0.89731,                0.80573,                0.87175,                0.61273,                0.88587,                0.51384,                0.84153,               0.001255,               0.001255,               0.001255
                    268,                0.74322,                0.39086,                0.80603,                0.89668,                0.80749,                0.87135,                0.61282,                0.88593,                0.51378,                0.84158,               0.001222,               0.001222,               0.001222
                    269,                0.74723,                0.39462,                0.80316,                0.89592,                0.80766,                0.87149,                0.61285,                0.88585,                0.51434,                0.84153,               0.001189,               0.001189,               0.001189
                    270,                0.74972,                0.39333,                0.80512,                0.89585,                0.80716,                0.87164,                0.61274,                0.88642,                0.51509,                0.84159,               0.001156,               0.001156,               0.001156
                    271,                0.74161,                0.38723,                0.80471,                0.89627,                0.80716,                0.87223,                0.61309,                0.88651,                0.51531,                0.84156,               0.001123,               0.001123,               0.001123
                    272,                 0.7504,                0.39133,                0.80292,                0.89693,                0.80781,                0.87224,                0.61295,                0.88703,                0.51552,                 0.8416,                0.00109,                0.00109,                0.00109
                    273,                0.73549,                0.38754,                0.80747,                  0.896,                0.80834,                0.87233,                0.61363,                0.88676,                0.51585,                0.84158,               0.001057,               0.001057,               0.001057
                    274,                0.74625,                0.39186,                 0.8062,                0.89515,                0.80911,                0.87263,                 0.6136,                0.88709,                0.51604,                0.84153,               0.001024,               0.001024,               0.001024
                    275,                 0.7431,                0.38957,                0.80603,                0.89451,                0.80911,                0.87246,                0.61325,                0.88723,                0.51617,                0.84151,               0.000991,               0.000991,               0.000991
                    276,                0.75003,                0.39292,                0.80463,                0.89544,                0.80906,                0.87249,                0.61346,                0.88712,                 0.5164,                0.84153,               0.000958,               0.000958,               0.000958
                    277,                0.73986,                0.38486,                0.80436,                0.89507,                0.80943,                0.87257,                0.61363,                0.88713,                0.51648,                0.84144,               0.000925,               0.000925,               0.000925
                    278,                0.73123,                0.38256,                0.80414,                0.89512,                0.80911,                0.87244,                0.61369,                0.88698,                0.51629,                0.84147,               0.000892,               0.000892,               0.000892
                    279,                0.73004,                0.37903,                0.80249,                0.89548,                0.80927,                0.87269,                0.61362,                0.88679,                0.51644,                0.84145,               0.000859,               0.000859,               0.000859
                    280,                 0.7306,                0.37892,                0.80424,                0.89427,                0.80911,                 0.8727,                 0.6139,                0.88716,                0.51665,                0.84151,               0.000826,               0.000826,               0.000826
                    281,                0.72756,                 0.3811,                0.80351,                0.89421,                0.80911,                0.87259,                0.61367,                0.88674,                0.51646,                0.84154,               0.000793,               0.000793,               0.000793
                    282,                0.72495,                0.37821,                0.80418,                0.89596,                0.80911,                0.87266,                0.61355,                 0.8869,                0.51711,                0.84153,                0.00076,                0.00076,                0.00076
                    283,                 0.7358,                0.38482,                0.80235,                0.89654,                0.80889,                0.87256,                0.61362,                0.88727,                0.51698,                0.84156,               0.000727,               0.000727,               0.000727
                    284,                0.73412,                0.37898,                0.80533,                0.89681,                0.80843,                0.87247,                0.61328,                0.88687,                0.51686,                0.84157,               0.000694,               0.000694,               0.000694
                    285,                0.71384,                0.37121,                0.80225,                0.89789,                0.80716,                0.87268,                0.61368,                0.88684,                0.51678,                0.84155,               0.000661,               0.000661,               0.000661
                    286,                0.71655,                0.37047,                0.80393,                 0.8983,                0.80731,                0.87283,                0.61369,                0.88677,                0.51645,                0.84154,               0.000628,               0.000628,               0.000628
                    287,                0.72363,                 0.3754,                0.80357,                0.89631,                0.80781,                0.87268,                0.61383,                0.88688,                0.51644,                 0.8416,               0.000595,               0.000595,               0.000595
                    288,                0.72089,                0.37473,                0.80408,                0.89751,                0.80744,                0.87275,                0.61396,                0.88674,                 0.5165,                0.84155,               0.000562,               0.000562,               0.000562
                    289,                 0.7135,                0.37192,                 0.8031,                 0.8965,                0.80797,                0.87272,                 0.6145,                0.88676,                0.51619,                0.84157,               0.000529,               0.000529,               0.000529
                    290,                0.72299,                0.37318,                0.80295,                0.89758,                0.80765,                0.87285,                0.61447,                 0.8866,                0.51614,                0.84156,               0.000496,               0.000496,               0.000496
                    291,                0.70143,                0.35218,                0.80178,                0.89797,                0.80719,                0.87272,                0.61422,                0.88659,                0.51659,                0.84161,               0.000463,               0.000463,               0.000463
                    292,                0.69676,                0.34936,                0.80011,                0.89552,                0.80878,                0.87318,                 0.6145,                0.88667,                0.51674,                0.84157,                0.00043,                0.00043,                0.00043
                    293,                0.69655,                0.34676,                0.80013,                0.89554,                0.80858,                0.87314,                0.61478,                0.88633,                0.51652,                0.84155,               0.000397,               0.000397,               0.000397
                    294,                  0.691,                0.34398,                0.79819,                0.89601,                0.80842,                0.87312,                0.61533,                0.88646,                0.51667,                0.84157,               0.000364,               0.000364,               0.000364
                    295,                0.68765,                0.34433,                0.79444,                0.89649,                0.80841,                0.87326,                0.61508,                0.88591,                0.51625,                0.84156,               0.000331,               0.000331,               0.000331
                    296,                0.68517,                0.34392,                0.80098,                0.89635,                0.80859,                0.87329,                0.61564,                0.88559,                0.51644,                0.84148,               0.000298,               0.000298,               0.000298
                    297,                0.68082,                0.33758,                0.79785,                 0.8962,                0.80867,                0.87332,                0.61552,                0.88552,                0.51611,                0.84144,               0.000265,               0.000265,               0.000265
                    298,                0.67866,                0.33774,                0.79803,                 0.8956,                0.80903,                0.87318,                0.61589,                0.88519,                0.51554,                0.84143,               0.000232,               0.000232,               0.000232
                    299,                0.68196,                0.33947,                0.79678,                0.89547,                0.80935,                 0.8732,                0.61591,                 0.8853,                0.51513,                0.84147,               0.000199,               0.000199,               0.000199
                    300,                 0.6735,                0.33638,                0.79656,                 0.8949,                0.80995,                0.87321,                0.61603,                0.88493,                0.51519,                0.84149,               0.000166,               0.000166,               0.000166
